solid Created by Gmsh
facet normal -3.06162e-16 1 1.52409e-31
  outer loop
    vertex -9.243315600255261 -1.14605986701274e-15 -3.881776505535832
    vertex -5.884744519556143 -1.177940360909796e-16 -6.012589292823506
    vertex -9.51915683675421 -1.230511888850561e-15 -7.174280662113915
  endloop
endfacet
facet normal -3.06162e-16 1 -6.27369e-32
  outer loop
    vertex -9.261640348491852 -1.15167020308102e-15 6.761527936039206
    vertex -5.379152383029595 3.699891182684784e-17 6.237775188840086
    vertex -7.119880995842827 -4.959455191396365e-16 3.233926188514117
  endloop
endfacet
facet normal -3.06162e-16 1 -1.28967e-31
  outer loop
    vertex -5.884744519556143 -1.177940360909796e-16 -6.012589292823506
    vertex -9.243315600255261 -1.14605986701274e-15 -3.881776505535832
    vertex -6.580584977398718 -3.308337334445138e-16 -2.611614017507145
  endloop
endfacet
facet normal -3.06162e-16 1 -1.62053e-31
  outer loop
    vertex -9.261640348491852 -1.15167020308102e-15 6.761527936039206
    vertex -7.119880995842827 -4.959455191396365e-16 3.233926188514117
    vertex -10.08469425035683 -1.403657784692193e-15 3.571428571428571
  endloop
endfacet
facet normal -3.06162e-16 1 0
  outer loop
    vertex 12.5 5.51091059616309e-15 8.928571428571429
    vertex 12.5 5.51091059616309e-15 5.357142857142857
    vertex 9.200986269641302 4.500878944856352e-15 6.563844943973041
  endloop
endfacet
facet normal -3.06162e-16 1 -1.26697e-31
  outer loop
    vertex 12.5 5.51091059616309e-15 8.928571428571429
    vertex 9.200986269641302 4.500878944856352e-15 6.563844943973041
    vertex 9.885532830111153 4.710460883393035e-15 9.885532830111153
  endloop
endfacet
facet normal -3.06162e-16 1 -7.09918e-32
  outer loop
    vertex 3.661251403945059 2.804824302006378e-15 -9.388861135748574
    vertex 1.866925449034197 2.255470417679227e-15 -6.319294980135652
    vertex 5.538784967770986 3.379653169314164e-15 -6.407915030329463
  endloop
endfacet
facet normal -3.06162e-16 1 9.9744e-32
  outer loop
    vertex -5.379152383029595 3.699891182684784e-17 6.237775188840086
    vertex -9.261640348491852 -1.15167020308102e-15 6.761527936039206
    vertex -7.030806967031872 -4.686744630720127e-16 9.516172326440579
  endloop
endfacet
facet normal -3.06162e-16 1 1.63764e-31
  outer loop
    vertex 5.548890292309788 3.382747032651861e-15 -0.1468971670896106
    vertex 9.329646149875982 4.540269672483373e-15 -0.07639274063745027
    vertex 7.408655185857314 3.952135813664261e-15 -3.297468888251178
  endloop
endfacet
facet normal -3.06162e-16 1 6.7702e-32
  outer loop
    vertex 9.329646149875982 4.540269672483373e-15 -0.07639274063745027
    vertex 5.548890292309788 3.382747032651861e-15 -0.1468971670896106
    vertex 7.142857142857137 3.870758633019311e-15 2.964739353293545
  endloop
endfacet
facet normal -3.06162e-16 1 6.37969e-32
  outer loop
    vertex -9.073291265632054 -1.094004927719372e-15 -0.003680718074015488
    vertex -7.119880995842827 -4.959455191396365e-16 3.233926188514117
    vertex -5.247690178797637 7.72476037322286e-17 0.006867907174854082
  endloop
endfacet
facet normal -3.06162e-16 1 -3.35802e-32
  outer loop
    vertex 0.07017163503888568 1.705373215887938e-15 -3.253562334879266
    vertex 1.857004491606197 2.252433000489558e-15 -0.1643989550002676
    vertex 3.834910558414187 2.857992083922191e-15 -3.318495688151151
  endloop
endfacet
facet normal -3.06162e-16 1 -5.30965e-32
  outer loop
    vertex -5.884744519556143 -1.177940360909796e-16 -6.012589292823506
    vertex -7.127723681139727 -4.983466490010289e-16 -9.4758141248006
    vertex -9.51915683675421 -1.230511888850561e-15 -7.174280662113915
  endloop
endfacet
facet normal -3.06162e-16 1 3.94304e-32
  outer loop
    vertex -9.073291265632054 -1.094004927719372e-15 -0.003680718074015488
    vertex -5.247690178797637 7.72476037322286e-17 0.006867907174854082
    vertex -6.580584977398718 -3.308337334445138e-16 -2.611614017507145
  endloop
endfacet
facet normal -3.06162e-16 1 3.52393e-32
  outer loop
    vertex 1.866925449034197 2.255470417679227e-15 -6.319294980135652
    vertex 3.834910558414187 2.857992083922191e-15 -3.318495688151151
    vertex 5.538784967770986 3.379653169314164e-15 -6.407915030329463
  endloop
endfacet
facet normal -3.06162e-16 1 6.80916e-32
  outer loop
    vertex -5.357142857142858 4.373738568383342e-17 12.5
    vertex -1.785714285714286 1.137172027779685e-15 12.5
    vertex -3.556892981489078 5.949049476550393e-16 9.256119966267798
  endloop
endfacet
facet normal -3.06162e-16 1 -1.66624e-31
  outer loop
    vertex 5.336577117714529 3.317744870230637e-15 6.095049860342728
    vertex 7.004731662161381 3.828469901065625e-15 9.360226270137334
    vertex 9.200986269641302 4.500878944856352e-15 6.563844943973041
  endloop
endfacet
facet normal -3.06162e-16 1 -3.4304e-32
  outer loop
    vertex -1.781520992399663 1.138455853588594e-15 6.087162570196373
    vertex 0 1.683889348827611e-15 9.321503390629303
    vertex 1.786041036631614 2.230706708491792e-15 6.109964373823668
  endloop
endfacet
facet normal -3.06162e-16 1 6.76597e-32
  outer loop
    vertex 1.785714285714285 2.230606669875536e-15 12.5
    vertex 5.357142857142857 3.324041311971387e-15 12.5
    vertex 3.557934420057475 2.773192598602506e-15 9.235413302985425
  endloop
endfacet
facet normal -3.06162e-16 1 0
  outer loop
    vertex 1.866925449034197 2.255470417679227e-15 -6.319294980135652
    vertex 0.07017163503888568 1.705373215887938e-15 -3.253562334879266
    vertex 3.834910558414187 2.857992083922191e-15 -3.318495688151151
  endloop
endfacet
facet normal -3.06162e-16 1 0
  outer loop
    vertex 1.857004491606197 2.252433000489558e-15 -0.1643989550002676
    vertex 5.548890292309788 3.382747032651861e-15 -0.1468971670896106
    vertex 3.834910558414187 2.857992083922191e-15 -3.318495688151151
  endloop
endfacet
facet normal -3.06162e-16 1 -1.894e-32
  outer loop
    vertex 7.142857142857143 3.870758633019313e-15 -9.407052129341292
    vertex 3.661251403945059 2.804824302006378e-15 -9.388861135748574
    vertex 5.538784967770986 3.379653169314164e-15 -6.407915030329463
  endloop
endfacet
facet normal -3.06162e-16 1 -1.27937e-31
  outer loop
    vertex 5.538784967770986 3.379653169314164e-15 -6.407915030329463
    vertex 7.408655185857314 3.952135813664261e-15 -3.297468888251178
    vertex 9.318110066518011 4.536737765593614e-15 -6.716317360348938
  endloop
endfacet
facet normal -3.06162e-16 1 -1.24976e-31
  outer loop
    vertex 7.004731662161381 3.828469901065625e-15 9.360226270137334
    vertex 5.336577117714529 3.317744870230637e-15 6.095049860342728
    vertex 3.557934420057475 2.773192598602506e-15 9.235413302985425
  endloop
endfacet
facet normal -3.06162e-16 1 -6.92729e-32
  outer loop
    vertex 0 1.683889348827611e-15 9.321503390629303
    vertex -1.781520992399663 1.138455853588594e-15 6.087162570196373
    vertex -3.556892981489078 5.949049476550393e-16 9.256119966267798
  endloop
endfacet
facet normal -3.06162e-16 1 6.90631e-32
  outer loop
    vertex -1.785714285714286 1.137172027779685e-15 12.5
    vertex 0 1.683889348827611e-15 9.321503390629303
    vertex -3.556892981489078 5.949049476550393e-16 9.256119966267798
  endloop
endfacet
facet normal -3.06162e-16 1 -3.49899e-32
  outer loop
    vertex 0 1.683889348827611e-15 9.321503390629303
    vertex 3.557934420057475 2.773192598602506e-15 9.235413302985425
    vertex 1.786041036631614 2.230706708491792e-15 6.109964373823668
  endloop
endfacet
facet normal -3.06162e-16 1 7.15338e-32
  outer loop
    vertex 5.357142857142857 3.324041311971387e-15 12.5
    vertex 7.004731662161381 3.828469901065625e-15 9.360226270137334
    vertex 3.557934420057475 2.773192598602506e-15 9.235413302985425
  endloop
endfacet
facet normal -3.06162e-16 1 3.44102e-32
  outer loop
    vertex 0 1.683889348827611e-15 9.321503390629303
    vertex 1.785714285714285 2.230606669875536e-15 12.5
    vertex 3.557934420057475 2.773192598602506e-15 9.235413302985425
  endloop
endfacet
facet normal -3.06162e-16 1 0
  outer loop
    vertex 12.5 5.51091059616309e-15 -5.357142857142858
    vertex 12.5 5.51091059616309e-15 -8.928571428571431
    vertex 9.318110066518011 4.536737765593614e-15 -6.716317360348938
  endloop
endfacet
facet normal -3.06162e-16 1 6.98203e-32
  outer loop
    vertex 5.548890292309788 3.382747032651861e-15 -0.1468971670896106
    vertex 7.408655185857314 3.952135813664261e-15 -3.297468888251178
    vertex 3.834910558414187 2.857992083922191e-15 -3.318495688151151
  endloop
endfacet
facet normal -3.06162e-16 1 -1.85309e-31
  outer loop
    vertex -9.243315600255261 -1.14605986701274e-15 -3.881776505535832
    vertex -9.073291265632054 -1.094004927719372e-15 -0.003680718074015488
    vertex -6.580584977398718 -3.308337334445138e-16 -2.611614017507145
  endloop
endfacet
facet normal -3.06162e-16 1 3.59903e-32
  outer loop
    vertex -3.556892981489078 5.949049476550393e-16 9.256119966267798
    vertex -5.379152383029595 3.699891182684784e-17 6.237775188840086
    vertex -7.030806967031872 -4.686744630720127e-16 9.516172326440579
  endloop
endfacet
facet normal -3.06162e-16 1 -1.499e-31
  outer loop
    vertex 9.200986269641302 4.500878944856352e-15 6.563844943973041
    vertex 7.004731662161381 3.828469901065625e-15 9.360226270137334
    vertex 9.885532830111153 4.710460883393035e-15 9.885532830111153
  endloop
endfacet
facet normal -3.06162e-16 1 -3.50878e-32
  outer loop
    vertex 3.586159615554379 2.781834072432654e-15 2.959709024441681
    vertex 0.01709605886295229 1.689123507268748e-15 2.960948094346499
    vertex 1.786041036631614 2.230706708491792e-15 6.109964373823668
  endloop
endfacet
facet normal -3.06162e-16 1 -8.86484e-32
  outer loop
    vertex 3.557934420057475 2.773192598602506e-15 9.235413302985425
    vertex 5.336577117714529 3.317744870230637e-15 6.095049860342728
    vertex 1.786041036631614 2.230706708491792e-15 6.109964373823668
  endloop
endfacet
facet normal -3.06162e-16 1 0
  outer loop
    vertex 5.336577117714529 3.317744870230637e-15 6.095049860342728
    vertex 3.586159615554379 2.781834072432654e-15 2.959709024441681
    vertex 1.786041036631614 2.230706708491792e-15 6.109964373823668
  endloop
endfacet
facet normal -3.06162e-16 1 -5.28539e-32
  outer loop
    vertex 0.01709605886295229 1.689123507268748e-15 2.960948094346499
    vertex -1.781520992399663 1.138455853588594e-15 6.087162570196373
    vertex 1.786041036631614 2.230706708491792e-15 6.109964373823668
  endloop
endfacet
facet normal -3.06162e-16 1 -1.82239e-31
  outer loop
    vertex -12.5 -2.143131898507868e-15 -1.785714285714286
    vertex -9.073291265632054 -1.094004927719372e-15 -0.003680718074015488
    vertex -9.243315600255261 -1.14605986701274e-15 -3.881776505535832
  endloop
endfacet
facet normal -3.06162e-16 1 7.1397e-32
  outer loop
    vertex -1.772179091827633 1.141315985746967e-15 -6.314969378924758
    vertex 0 1.683889348827611e-15 -9.407052129341292
    vertex -3.566650462161228 5.91917580786817e-16 -9.418656648624868
  endloop
endfacet
facet normal -3.06162e-16 1 1.18566e-31
  outer loop
    vertex -1.772179091827633 1.141315985746967e-15 -6.314969378924758
    vertex -3.566650462161228 5.91917580786817e-16 -9.418656648624868
    vertex -5.884744519556143 -1.177940360909796e-16 -6.012589292823506
  endloop
endfacet
facet normal -3.06162e-16 1 7.26993e-32
  outer loop
    vertex -1.754428138428462 1.146750647812494e-15 -0.1245653568832896
    vertex -3.453883322752498 6.264425598682929e-16 -3.166891478277233
    vertex -5.247690178797637 7.72476037322286e-17 0.006867907174854082
  endloop
endfacet
facet normal -3.06162e-16 1 -1.30805e-31
  outer loop
    vertex -3.563364870403777 5.929235031440836e-16 2.964714670216015
    vertex -1.754428138428462 1.146750647812494e-15 -0.1245653568832896
    vertex -5.247690178797637 7.72476037322286e-17 0.006867907174854082
  endloop
endfacet
facet normal -3.06162e-16 1 -1.07467e-31
  outer loop
    vertex 0 1.683889348827611e-15 -9.407052129341292
    vertex -1.785714285714286 1.137172027779685e-15 -12.5
    vertex -3.566650462161228 5.91917580786817e-16 -9.418656648624868
  endloop
endfacet
facet normal -3.06162e-16 1 -7.07578e-32
  outer loop
    vertex 1.866925449034197 2.255470417679227e-15 -6.319294980135652
    vertex -1.772179091827633 1.141315985746967e-15 -6.314969378924758
    vertex 0.07017163503888568 1.705373215887938e-15 -3.253562334879266
  endloop
endfacet
facet normal -3.06162e-16 1 1.73658e-32
  outer loop
    vertex 1.785714285714285 2.230606669875536e-15 -12.5
    vertex 0 1.683889348827611e-15 -9.407052129341292
    vertex 3.661251403945059 2.804824302006378e-15 -9.388861135748574
  endloop
endfacet
facet normal -3.06162e-16 1 3.65191e-32
  outer loop
    vertex -5.357142857142858 4.373738568383342e-17 -12.5
    vertex -8.928571428571431 -1.049697256412018e-15 -12.5
    vertex -7.127723681139727 -4.983466490010289e-16 -9.4758141248006
  endloop
endfacet
facet normal -3.06162e-16 1 0
  outer loop
    vertex 1.866925449034197 2.255470417679227e-15 -6.319294980135652
    vertex 0 1.683889348827611e-15 -9.407052129341292
    vertex -1.772179091827633 1.141315985746967e-15 -6.314969378924758
  endloop
endfacet
facet normal -3.06162e-16 1 0
  outer loop
    vertex 7.142857142857137 3.870758633019311e-15 2.964739353293545
    vertex 3.586159615554379 2.781834072432654e-15 2.959709024441681
    vertex 5.336577117714529 3.317744870230637e-15 6.095049860342728
  endloop
endfacet
facet normal -3.06162e-16 1 -7.18906e-32
  outer loop
    vertex -7.119880995842827 -4.959455191396365e-16 3.233926188514117
    vertex -3.563364870403777 5.929235031440836e-16 2.964714670216015
    vertex -5.247690178797637 7.72476037322286e-17 0.006867907174854082
  endloop
endfacet
facet normal -3.06162e-16 1 3.51308e-32
  outer loop
    vertex 0.07017163503888568 1.705373215887938e-15 -3.253562334879266
    vertex -1.754428138428462 1.146750647812494e-15 -0.1245653568832896
    vertex 1.857004491606197 2.252433000489558e-15 -0.1643989550002676
  endloop
endfacet
facet normal -3.06162e-16 1 3.42876e-32
  outer loop
    vertex 1.857004491606197 2.252433000489558e-15 -0.1643989550002676
    vertex 3.586159615554379 2.781834072432654e-15 2.959709024441681
    vertex 5.548890292309788 3.382747032651861e-15 -0.1468971670896106
  endloop
endfacet
facet normal -3.06162e-16 1 7.05189e-32
  outer loop
    vertex 0.01709605886295229 1.689123507268748e-15 2.960948094346499
    vertex -3.563364870403777 5.929235031440836e-16 2.964714670216015
    vertex -1.781520992399663 1.138455853588594e-15 6.087162570196373
  endloop
endfacet
facet normal -3.06162e-16 1 3.5369e-32
  outer loop
    vertex -5.379152383029595 3.699891182684784e-17 6.237775188840086
    vertex -3.563364870403777 5.929235031440836e-16 2.964714670216015
    vertex -7.119880995842827 -4.959455191396365e-16 3.233926188514117
  endloop
endfacet
facet normal -3.06162e-16 1 -1.07122e-31
  outer loop
    vertex 8.928571428571429 4.417475954067238e-15 -12.5
    vertex 5.357142857142857 3.324041311971387e-15 -12.5
    vertex 7.142857142857143 3.870758633019313e-15 -9.407052129341292
  endloop
endfacet
facet normal -3.06162e-16 1 -3.65183e-32
  outer loop
    vertex 7.142857142857143 3.870758633019313e-15 -9.407052129341292
    vertex 5.357142857142857 3.324041311971387e-15 -12.5
    vertex 3.661251403945059 2.804824302006378e-15 -9.388861135748574
  endloop
endfacet
facet normal -3.06162e-16 1 -3.49949e-32
  outer loop
    vertex 3.661251403945059 2.804824302006378e-15 -9.388861135748574
    vertex 0 1.683889348827611e-15 -9.407052129341292
    vertex 1.866925449034197 2.255470417679227e-15 -6.319294980135652
  endloop
endfacet
facet normal -3.06162e-16 1 3.21675e-32
  outer loop
    vertex -3.566650462161228 5.91917580786817e-16 -9.418656648624868
    vertex -7.127723681139727 -4.983466490010289e-16 -9.4758141248006
    vertex -5.884744519556143 -1.177940360909796e-16 -6.012589292823506
  endloop
endfacet
facet normal -3.06162e-16 1 -7.92783e-32
  outer loop
    vertex -3.453883322752498 6.264425598682929e-16 -3.166891478277233
    vertex -1.772179091827633 1.141315985746967e-15 -6.314969378924758
    vertex -5.884744519556143 -1.177940360909796e-16 -6.012589292823506
  endloop
endfacet
facet normal -3.06162e-16 1 1.06103e-31
  outer loop
    vertex 1.857004491606197 2.252433000489558e-15 -0.1643989550002676
    vertex 0.01709605886295229 1.689123507268748e-15 2.960948094346499
    vertex 3.586159615554379 2.781834072432654e-15 2.959709024441681
  endloop
endfacet
facet normal -3.06162e-16 1 3.54984e-32
  outer loop
    vertex 5.357142857142857 3.324041311971387e-15 -12.5
    vertex 1.785714285714285 2.230606669875536e-15 -12.5
    vertex 3.661251403945059 2.804824302006378e-15 -9.388861135748574
  endloop
endfacet
facet normal -3.06162e-16 1 0
  outer loop
    vertex 7.142857142857137 3.870758633019311e-15 2.964739353293545
    vertex 5.336577117714529 3.317744870230637e-15 6.095049860342728
    vertex 9.200986269641302 4.500878944856352e-15 6.563844943973041
  endloop
endfacet
facet normal -3.06162e-16 1 -3.57072e-32
  outer loop
    vertex 1.785714285714285 2.230606669875536e-15 -12.5
    vertex -1.785714285714286 1.137172027779685e-15 -12.5
    vertex 0 1.683889348827611e-15 -9.407052129341292
  endloop
endfacet
facet normal -3.06162e-16 1 0
  outer loop
    vertex -12.5 -2.143131898507868e-15 5.357142857142857
    vertex -12.5 -2.143131898507868e-15 8.928571428571429
    vertex -9.261640348491852 -1.15167020308102e-15 6.761527936039206
  endloop
endfacet
facet normal -3.06162e-16 1 0
  outer loop
    vertex -12.5 -2.143131898507868e-15 -1.785714285714286
    vertex -12.5 -2.143131898507868e-15 1.785714285714285
    vertex -9.073291265632054 -1.094004927719372e-15 -0.003680718074015488
  endloop
endfacet
facet normal -3.06162e-16 1 0
  outer loop
    vertex -12.5 -2.143131898507868e-15 -5.357142857142858
    vertex -12.5 -2.143131898507868e-15 -1.785714285714286
    vertex -9.243315600255261 -1.14605986701274e-15 -3.881776505535832
  endloop
endfacet
facet normal -3.06162e-16 1 7.03494e-32
  outer loop
    vertex 5.357142857142857 3.324041311971387e-15 12.5
    vertex 8.928571428571429 4.417475954067238e-15 12.5
    vertex 7.004731662161381 3.828469901065625e-15 9.360226270137334
  endloop
endfacet
facet normal -3.06162e-16 1 3.47462e-32
  outer loop
    vertex -1.785714285714286 1.137172027779685e-15 12.5
    vertex 1.785714285714285 2.230606669875536e-15 12.5
    vertex 0 1.683889348827611e-15 9.321503390629303
  endloop
endfacet
facet normal -3.06162e-16 1 0
  outer loop
    vertex 12.5 5.51091059616309e-15 1.785714285714285
    vertex 12.5 5.51091059616309e-15 -1.785714285714286
    vertex 9.329646149875982 4.540269672483373e-15 -0.07639274063745027
  endloop
endfacet
facet normal -3.06162e-16 1 5.34984e-32
  outer loop
    vertex 5.548890292309788 3.382747032651861e-15 -0.1468971670896106
    vertex 3.586159615554379 2.781834072432654e-15 2.959709024441681
    vertex 7.142857142857137 3.870758633019311e-15 2.964739353293545
  endloop
endfacet
facet normal -3.06162e-16 1 -7.20536e-32
  outer loop
    vertex 0.07017163503888568 1.705373215887938e-15 -3.253562334879266
    vertex -1.772179091827633 1.141315985746967e-15 -6.314969378924758
    vertex -3.453883322752498 6.264425598682929e-16 -3.166891478277233
  endloop
endfacet
facet normal -3.06162e-16 1 1.37172e-31
  outer loop
    vertex -1.781520992399663 1.138455853588594e-15 6.087162570196373
    vertex -3.563364870403777 5.929235031440836e-16 2.964714670216015
    vertex -5.379152383029595 3.699891182684784e-17 6.237775188840086
  endloop
endfacet
facet normal -3.06162e-16 1 -1.43367e-31
  outer loop
    vertex -1.785714285714286 1.137172027779685e-15 -12.5
    vertex -5.357142857142858 4.373738568383342e-17 -12.5
    vertex -3.566650462161228 5.91917580786817e-16 -9.418656648624868
  endloop
endfacet
facet normal -3.06162e-16 1 3.62908e-32
  outer loop
    vertex 0.07017163503888568 1.705373215887938e-15 -3.253562334879266
    vertex -3.453883322752498 6.264425598682929e-16 -3.166891478277233
    vertex -1.754428138428462 1.146750647812494e-15 -0.1245653568832896
  endloop
endfacet
facet normal -3.06162e-16 1 7.0348e-32
  outer loop
    vertex 1.857004491606197 2.252433000489558e-15 -0.1643989550002676
    vertex -1.754428138428462 1.146750647812494e-15 -0.1245653568832896
    vertex 0.01709605886295229 1.689123507268748e-15 2.960948094346499
  endloop
endfacet
facet normal -3.06162e-16 1 -3.56814e-32
  outer loop
    vertex 0.01709605886295229 1.689123507268748e-15 2.960948094346499
    vertex -1.754428138428462 1.146750647812494e-15 -0.1245653568832896
    vertex -3.563364870403777 5.929235031440836e-16 2.964714670216015
  endloop
endfacet
facet normal -3.06162e-16 1 -3.54278e-32
  outer loop
    vertex -1.781520992399663 1.138455853588594e-15 6.087162570196373
    vertex -5.379152383029595 3.699891182684784e-17 6.237775188840086
    vertex -3.556892981489078 5.949049476550393e-16 9.256119966267798
  endloop
endfacet
facet normal -3.06162e-16 1 -1.26995e-31
  outer loop
    vertex -5.357142857142858 4.373738568383342e-17 -12.5
    vertex -7.127723681139727 -4.983466490010289e-16 -9.4758141248006
    vertex -3.566650462161228 5.91917580786817e-16 -9.418656648624868
  endloop
endfacet
facet normal -3.06162e-16 1 9.12966e-32
  outer loop
    vertex -5.357142857142858 4.373738568383342e-17 12.5
    vertex -3.556892981489078 5.949049476550393e-16 9.256119966267798
    vertex -7.030806967031872 -4.686744630720127e-16 9.516172326440579
  endloop
endfacet
facet normal -3.06162e-16 1 0
  outer loop
    vertex -8.928571428571431 -1.049697256412018e-15 12.5
    vertex -5.357142857142858 4.373738568383342e-17 12.5
    vertex -7.030806967031872 -4.686744630720127e-16 9.516172326440579
  endloop
endfacet
facet normal -3.06162e-16 1 0
  outer loop
    vertex -12.5 -2.143131898507868e-15 -8.928571428571431
    vertex -12.5 -2.143131898507868e-15 -5.357142857142858
    vertex -9.51915683675421 -1.230511888850561e-15 -7.174280662113915
  endloop
endfacet
facet normal -3.06162e-16 1 0
  outer loop
    vertex 9.318110066518011 4.536737765593614e-15 -6.716317360348938
    vertex 7.408655185857314 3.952135813664261e-15 -3.297468888251178
    vertex 10.29035558497728 4.834402106135239e-15 -3.57142857142858
  endloop
endfacet
facet normal -3.06162e-16 1 1.53801e-31
  outer loop
    vertex -7.119880995842827 -4.959455191396365e-16 3.233926188514117
    vertex -9.073291265632054 -1.094004927719372e-15 -0.003680718074015488
    vertex -10.08469425035683 -1.403657784692193e-15 3.571428571428571
  endloop
endfacet
facet normal -3.06162e-16 1 -3.56093e-32
  outer loop
    vertex 3.834910558414187 2.857992083922191e-15 -3.318495688151151
    vertex 7.408655185857314 3.952135813664261e-15 -3.297468888251178
    vertex 5.538784967770986 3.379653169314164e-15 -6.407915030329463
  endloop
endfacet
facet normal -3.06162e-16 1 4.02133e-32
  outer loop
    vertex 7.408655185857314 3.952135813664261e-15 -3.297468888251178
    vertex 9.329646149875982 4.540269672483373e-15 -0.07639274063745027
    vertex 10.29035558497728 4.834402106135239e-15 -3.57142857142858
  endloop
endfacet
facet normal -3.06162e-16 1 1.52944e-31
  outer loop
    vertex -12.5 -2.143131898507868e-15 -5.357142857142858
    vertex -9.243315600255261 -1.14605986701274e-15 -3.881776505535832
    vertex -9.51915683675421 -1.230511888850561e-15 -7.174280662113915
  endloop
endfacet
facet normal -3.06162e-16 1 3.63865e-32
  outer loop
    vertex 7.142857142857143 3.870758633019313e-15 -9.407052129341292
    vertex 5.538784967770986 3.379653169314164e-15 -6.407915030329463
    vertex 9.318110066518011 4.536737765593614e-15 -6.716317360348938
  endloop
endfacet
facet normal -3.06162e-16 1 -2.14953e-31
  outer loop
    vertex -12.5 -2.143131898507868e-15 5.357142857142857
    vertex -9.261640348491852 -1.15167020308102e-15 6.761527936039206
    vertex -10.08469425035683 -1.403657784692193e-15 3.571428571428571
  endloop
endfacet
facet normal -3.06162e-16 1 2.26661e-31
  outer loop
    vertex -9.073291265632054 -1.094004927719372e-15 -0.003680718074015488
    vertex -12.5 -2.143131898507868e-15 1.785714285714285
    vertex -10.08469425035683 -1.403657784692193e-15 3.571428571428571
  endloop
endfacet
facet normal -3.06162e-16 1 -7.69812e-32
  outer loop
    vertex -3.453883322752498 6.264425598682929e-16 -3.166891478277233
    vertex -5.884744519556143 -1.177940360909796e-16 -6.012589292823506
    vertex -6.580584977398718 -3.308337334445138e-16 -2.611614017507145
  endloop
endfacet
facet normal -3.06162e-16 1 -6.26854e-32
  outer loop
    vertex 9.329646149875982 4.540269672483373e-15 -0.07639274063745027
    vertex 12.5 5.51091059616309e-15 -1.785714285714286
    vertex 10.29035558497728 4.834402106135239e-15 -3.57142857142858
  endloop
endfacet
facet normal -3.06162e-16 1 -8.44842e-32
  outer loop
    vertex -8.928571428571431 -1.049697256412018e-15 -12.5
    vertex -12.5 -2.143131898507868e-15 -12.5
    vertex -9.885532830111146 -1.342682185737812e-15 -9.885532830111146
  endloop
endfacet
facet normal -3.06162e-16 1 0
  outer loop
    vertex -12.5 -2.143131898507868e-15 -12.5
    vertex -12.5 -2.143131898507868e-15 -8.928571428571431
    vertex -9.885532830111146 -1.342682185737812e-15 -9.885532830111146
  endloop
endfacet
facet normal -3.06162e-16 1 2.1121e-31
  outer loop
    vertex 12.5 5.51091059616309e-15 -12.5
    vertex 8.928571428571429 4.417475954067238e-15 -12.5
    vertex 9.885532830111149 4.710460883393034e-15 -9.885532830111149
  endloop
endfacet
facet normal -3.06162e-16 1 0
  outer loop
    vertex 12.5 5.51091059616309e-15 -8.928571428571431
    vertex 12.5 5.51091059616309e-15 -12.5
    vertex 9.885532830111149 4.710460883393034e-15 -9.885532830111149
  endloop
endfacet
facet normal -3.06162e-16 1 0
  outer loop
    vertex -12.5 -2.143131898507868e-15 8.928571428571429
    vertex -12.5 -2.143131898507868e-15 12.5
    vertex -9.885532830111153 -1.342682185737814e-15 9.885532830111151
  endloop
endfacet
facet normal -3.06162e-16 1 0
  outer loop
    vertex -12.5 -2.143131898507868e-15 12.5
    vertex -8.928571428571431 -1.049697256412018e-15 12.5
    vertex -9.885532830111153 -1.342682185737814e-15 9.885532830111151
  endloop
endfacet
facet normal -3.06162e-16 1 2.1121e-32
  outer loop
    vertex 8.928571428571429 4.417475954067238e-15 12.5
    vertex 12.5 5.51091059616309e-15 12.5
    vertex 9.885532830111153 4.710460883393035e-15 9.885532830111153
  endloop
endfacet
facet normal -3.06162e-16 1 0
  outer loop
    vertex 12.5 5.51091059616309e-15 12.5
    vertex 12.5 5.51091059616309e-15 8.928571428571429
    vertex 9.885532830111153 4.710460883393035e-15 9.885532830111153
  endloop
endfacet
facet normal -3.06162e-16 1 -1.8987e-31
  outer loop
    vertex 9.318110066518011 4.536737765593614e-15 -6.716317360348938
    vertex 12.5 5.51091059616309e-15 -8.928571428571431
    vertex 9.885532830111149 4.710460883393034e-15 -9.885532830111149
  endloop
endfacet
facet normal -3.06162e-16 1 -6.99111e-32
  outer loop
    vertex 9.329646149875982 4.540269672483373e-15 -0.07639274063745027
    vertex 7.142857142857137 3.870758633019311e-15 2.964739353293545
    vertex 10.13469791247488 4.786745688537043e-15 3.319009739897256
  endloop
endfacet
facet normal -3.06162e-16 1 -1.27709e-31
  outer loop
    vertex 12.5 5.51091059616309e-15 1.785714285714285
    vertex 9.329646149875982 4.540269672483373e-15 -0.07639274063745027
    vertex 10.13469791247488 4.786745688537043e-15 3.319009739897256
  endloop
endfacet
facet normal -3.06162e-16 1 1.64723e-31
  outer loop
    vertex 9.200986269641302 4.500878944856352e-15 6.563844943973041
    vertex 12.5 5.51091059616309e-15 5.357142857142857
    vertex 10.13469791247488 4.786745688537043e-15 3.319009739897256
  endloop
endfacet
facet normal -3.06162e-16 1 0
  outer loop
    vertex 12.5 5.51091059616309e-15 5.357142857142857
    vertex 12.5 5.51091059616309e-15 1.785714285714285
    vertex 10.13469791247488 4.786745688537043e-15 3.319009739897256
  endloop
endfacet
facet normal -3.06162e-16 1 0
  outer loop
    vertex -12.5 -2.143131898507868e-15 1.785714285714285
    vertex -12.5 -2.143131898507868e-15 5.357142857142857
    vertex -10.08469425035683 -1.403657784692193e-15 3.571428571428571
  endloop
endfacet
facet normal -3.06162e-16 1 9.08278e-32
  outer loop
    vertex 12.5 5.51091059616309e-15 -5.357142857142858
    vertex 9.318110066518011 4.536737765593614e-15 -6.716317360348938
    vertex 10.29035558497728 4.834402106135239e-15 -3.57142857142858
  endloop
endfacet
facet normal -3.06162e-16 1 8.83646e-32
  outer loop
    vertex -5.247690178797637 7.72476037322286e-17 0.006867907174854082
    vertex -3.453883322752498 6.264425598682929e-16 -3.166891478277233
    vertex -6.580584977398718 -3.308337334445138e-16 -2.611614017507145
  endloop
endfacet
facet normal -3.06162e-16 1 1.57162e-31
  outer loop
    vertex 7.142857142857137 3.870758633019311e-15 2.964739353293545
    vertex 9.200986269641302 4.500878944856352e-15 6.563844943973041
    vertex 10.13469791247488 4.786745688537043e-15 3.319009739897256
  endloop
endfacet
facet normal -3.06162e-16 1 -9.36819e-32
  outer loop
    vertex 7.142857142857143 3.870758633019313e-15 -9.407052129341292
    vertex 9.318110066518011 4.536737765593614e-15 -6.716317360348938
    vertex 9.885532830111149 4.710460883393034e-15 -9.885532830111149
  endloop
endfacet
facet normal -3.06162e-16 1 1.26144e-32
  outer loop
    vertex -8.928571428571431 -1.049697256412018e-15 12.5
    vertex -7.030806967031872 -4.686744630720127e-16 9.516172326440579
    vertex -9.885532830111153 -1.342682185737814e-15 9.885532830111151
  endloop
endfacet
facet normal -3.06162e-16 1 5.30213e-32
  outer loop
    vertex -12.5 -2.143131898507868e-15 -8.928571428571431
    vertex -9.51915683675421 -1.230511888850561e-15 -7.174280662113915
    vertex -9.885532830111146 -1.342682185737812e-15 -9.885532830111146
  endloop
endfacet
facet normal -3.06162e-16 1 0
  outer loop
    vertex 12.5 5.51091059616309e-15 -1.785714285714286
    vertex 12.5 5.51091059616309e-15 -5.357142857142858
    vertex 10.29035558497728 4.834402106135239e-15 -3.57142857142858
  endloop
endfacet
facet normal -3.06162e-16 1 5.6253e-32
  outer loop
    vertex -9.261640348491852 -1.15167020308102e-15 6.761527936039206
    vertex -12.5 -2.143131898507868e-15 8.928571428571429
    vertex -9.885532830111153 -1.342682185737814e-15 9.885532830111151
  endloop
endfacet
facet normal -3.06162e-16 1 -5.18831e-32
  outer loop
    vertex -7.127723681139727 -4.983466490010289e-16 -9.4758141248006
    vertex -8.928571428571431 -1.049697256412018e-15 -12.5
    vertex -9.885532830111146 -1.342682185737812e-15 -9.885532830111146
  endloop
endfacet
facet normal -3.06162e-16 1 6.46309e-32
  outer loop
    vertex 8.928571428571429 4.417475954067238e-15 -12.5
    vertex 7.142857142857143 3.870758633019313e-15 -9.407052129341292
    vertex 9.885532830111149 4.710460883393034e-15 -9.885532830111149
  endloop
endfacet
facet normal -3.06162e-16 1 4.90924e-32
  outer loop
    vertex 7.004731662161381 3.828469901065625e-15 9.360226270137334
    vertex 8.928571428571429 4.417475954067238e-15 12.5
    vertex 9.885532830111153 4.710460883393035e-15 9.885532830111153
  endloop
endfacet
facet normal -3.06162e-16 1 4.54008e-32
  outer loop
    vertex -7.030806967031872 -4.686744630720127e-16 9.516172326440579
    vertex -9.261640348491852 -1.15167020308102e-15 6.761527936039206
    vertex -9.885532830111153 -1.342682185737814e-15 9.885532830111151
  endloop
endfacet
facet normal -3.06162e-16 1 5.38324e-32
  outer loop
    vertex -9.51915683675421 -1.230511888850561e-15 -7.174280662113915
    vertex -7.127723681139727 -4.983466490010289e-16 -9.4758141248006
    vertex -9.885532830111146 -1.342682185737812e-15 -9.885532830111146
  endloop
endfacet
facet normal -0.92388 0.382683 0
  outer loop
    vertex -12.5 -2.143131898507868e-15 -8.928571428571431
    vertex -12.5 -2.143131898507868e-15 -12.5
    vertex -13.64773830565048 -2.770885383556537 -8.493996624437344
  endloop
endfacet
facet normal -0.92388 0.382683 -1.7107e-16
  outer loop
    vertex -13.80959336856813 -3.161638071591068 0.3568199668340277
    vertex -15.42569927634653 -7.063262872381006 0.6506028749091453
    vertex -14.45662277112449 -4.723705230496815 3.547957580738002
  endloop
endfacet
facet normal -0.92388 0.382683 1.11253e-16
  outer loop
    vertex -12.5 -2.143131898507868e-15 -12.5
    vertex -14.0252668232837 -3.682319851009278 -12.5
    vertex -13.64773830565048 -2.770885383556537 -8.493996624437344
  endloop
endfacet
facet normal -0.92388 0.382683 4.06068e-16
  outer loop
    vertex -13.80959336856813 -3.161638071591068 0.3568199668340277
    vertex -14.81825006835629 -5.596750755998166 -2.567406501639532
    vertex -15.42569927634653 -7.063262872381006 0.6506028749091453
  endloop
endfacet
facet normal -0.92388 0.382683 -3.29728e-17
  outer loop
    vertex -15.42569927634653 -7.063262872381006 0.6506028749091453
    vertex -16.15537819144613 -8.824863605392176 3.787579063860068
    vertex -14.45662277112449 -4.723705230496815 3.547957580738002
  endloop
endfacet
facet normal -0.92388 0.382683 4.61586e-16
  outer loop
    vertex -20.88896752806036 -20.25275918055102 9.048270176344882
    vertex -20.73864466512516 -19.88984768611809 4.813576155467416
    vertex -22.02263063716345 -22.98966403370976 7.001010912407533
  endloop
endfacet
facet normal -0.92388 0.382683 0
  outer loop
    vertex -14.45662277112449 -4.723705230496815 3.547957580738002
    vertex -16.15537819144613 -8.824863605392176 3.787579063860068
    vertex -15.36812931113649 -6.924276681585593 6.611348398153723
  endloop
endfacet
facet normal -0.92388 0.382683 4.10181e-16
  outer loop
    vertex -20.73864466512516 -19.88984768611809 4.813576155467416
    vertex -20.88896752806036 -20.25275918055102 9.048270176344882
    vertex -19.84558099805414 -17.73380126901256 6.87274449989919
  endloop
endfacet
facet normal -0.92388 0.382683 -7.02587e-17
  outer loop
    vertex -14.15757942705955 -4.001750733517827 -5.672438173426571
    vertex -12.5 -2.143131898507868e-15 -5.357142857142858
    vertex -13.64773830565048 -2.770885383556537 -8.493996624437344
  endloop
endfacet
facet normal -0.92388 0.382683 -9.0857e-16
  outer loop
    vertex -23.17686776298592 -25.77623895706494 -5.357142857142858
    vertex -21.51451233309275 -21.76295793273225 -5.464896722297834
    vertex -22.19227879541902 -23.39923091820199 -8.008911604389041
  endloop
endfacet
facet normal -0.92388 0.382683 -1.54632e-16
  outer loop
    vertex -20.73864466512516 -19.88984768611809 4.813576155467416
    vertex -22.00345111001822 -22.94336055915585 3.544519055678961
    vertex -22.02263063716345 -22.98966403370976 7.001010912407533
  endloop
endfacet
facet normal -0.92388 0.382683 -7.73547e-16
  outer loop
    vertex -20.05972870794982 -18.25079957459385 -5.542738004614947
    vertex -21.00795361038261 -20.54001699422705 -9.116401718587383
    vertex -21.51451233309275 -21.76295793273225 -5.464896722297834
  endloop
endfacet
facet normal -0.92388 0.382683 -8.69588e-16
  outer loop
    vertex -19.34908986389332 -16.53516563932351 -9.047587233466235
    vertex -21.00795361038261 -20.54001699422705 -9.116401718587383
    vertex -20.05972870794982 -18.25079957459385 -5.542738004614947
  endloop
endfacet
facet normal -0.92388 0.382683 4.219e-16
  outer loop
    vertex -13.7228859547627 -2.95230785722371 6.826933882704168
    vertex -14.45662277112449 -4.723705230496815 3.547957580738002
    vertex -15.36812931113649 -6.924276681585593 6.611348398153723
  endloop
endfacet
facet normal -0.92388 0.382683 0
  outer loop
    vertex -12.5 -2.143131898507868e-15 -5.357142857142858
    vertex -12.5 -2.143131898507868e-15 -8.928571428571431
    vertex -13.64773830565048 -2.770885383556537 -8.493996624437344
  endloop
endfacet
facet normal -0.92388 0.382683 7.63821e-16
  outer loop
    vertex -20.12633411641852 -18.41159925504638 -12.5
    vertex -21.00795361038261 -20.54001699422705 -9.116401718587383
    vertex -19.34908986389332 -16.53516563932351 -9.047587233466235
  endloop
endfacet
facet normal -0.92388 0.382683 -1.01043e-15
  outer loop
    vertex -16.21553063845985 -8.970084458782623 9.409866113364837
    vertex -15.36812931113649 -6.924276681585593 6.611348398153723
    vertex -16.94658635804073 -10.73500909184523 6.564476194204181
  endloop
endfacet
facet normal -0.92388 0.382683 8.4952e-16
  outer loop
    vertex -21.51451233309275 -21.76295793273225 -5.464896722297834
    vertex -23.17686776298592 -25.77623895706494 -5.357142857142858
    vertex -22.14602421624573 -23.28756248583996 -2.896809121233753
  endloop
endfacet
facet normal -0.92388 0.382683 2.26712e-16
  outer loop
    vertex -20.8362122980677 -20.12539678881662 -1.894283646896017
    vertex -20.05972870794982 -18.25079957459385 -5.542738004614947
    vertex -21.51451233309275 -21.76295793273225 -5.464896722297834
  endloop
endfacet
facet normal -0.92388 0.382683 2.90458e-16
  outer loop
    vertex -18.60106729313481 -14.7292794040371 -12.5
    vertex -20.12633411641852 -18.41159925504638 -12.5
    vertex -19.34908986389332 -16.53516563932351 -9.047587233466235
  endloop
endfacet
facet normal -0.92388 0.382683 -1.7215e-16
  outer loop
    vertex -17.76155609704172 -12.70252008866509 -2.359628133315187
    vertex -16.99854689760818 -10.86045293117719 0.9027092801961132
    vertex -16.27097946132573 -9.10394975896304 -2.455575659334372
  endloop
endfacet
facet normal -0.92388 0.382683 -1.53787e-16
  outer loop
    vertex -15.36812931113649 -6.924276681585593 6.611348398153723
    vertex -16.15537819144613 -8.824863605392176 3.787579063860068
    vertex -16.94658635804073 -10.73500909184523 6.564476194204181
  endloop
endfacet
facet normal -0.92388 0.382683 1.01778e-16
  outer loop
    vertex -16.31756828873853 -9.216425137958092 -9.079946956575448
    vertex -17.81330092098359 -12.82744314440816 -9.056272322188807
    vertex -17.04266492114472 -10.96696326194419 -5.719394266726841
  endloop
endfacet
facet normal -0.92388 0.382683 3.49981e-16
  outer loop
    vertex -16.27097946132573 -9.10394975896304 -2.455575659334372
    vertex -16.99854689760818 -10.86045293117719 0.9027092801961132
    vertex -15.42569927634653 -7.063262872381006 0.6506028749091453
  endloop
endfacet
facet normal -0.92388 0.382683 6.78665e-16
  outer loop
    vertex -17.07580046985111 -11.04695955302783 -12.5
    vertex -17.81330092098359 -12.82744314440816 -9.056272322188807
    vertex -16.31756828873853 -9.216425137958092 -9.079946956575448
  endloop
endfacet
facet normal -0.92388 0.382683 0
  outer loop
    vertex -23.17686776298592 -25.77623895706494 -8.928571428571431
    vertex -23.17686776298592 -25.77623895706494 -5.357142857142858
    vertex -22.19227879541902 -23.39923091820199 -8.008911604389041
  endloop
endfacet
facet normal -0.92388 0.382683 -3.73986e-16
  outer loop
    vertex -16.31756828873853 -9.216425137958092 -9.079946956575448
    vertex -17.04266492114472 -10.96696326194419 -5.719394266726841
    vertex -15.5542203033952 -7.373540078932042 -5.724088710238952
  endloop
endfacet
facet normal -0.92388 0.382683 -1.10698e-16
  outer loop
    vertex -14.85844006489472 -5.69377799071296 -8.996028773405349
    vertex -15.5542203033952 -7.373540078932042 -5.724088710238952
    vertex -14.15757942705955 -4.001750733517827 -5.672438173426571
  endloop
endfacet
facet normal -0.92388 0.382683 0
  outer loop
    vertex -12.5 -2.143131898507868e-15 -5.357142857142858
    vertex -14.15757942705955 -4.001750733517827 -5.672438173426571
    vertex -13.55709272843486 -2.552047601673436 -2.998758098274452
  endloop
endfacet
facet normal -0.92388 0.382683 -3.88826e-16
  outer loop
    vertex -14.15757942705955 -4.001750733517827 -5.672438173426571
    vertex -15.5542203033952 -7.373540078932042 -5.724088710238952
    vertex -14.81825006835629 -5.596750755998166 -2.567406501639532
  endloop
endfacet
facet normal -0.92388 0.382683 5.53333e-16
  outer loop
    vertex -14.81825006835629 -5.596750755998166 -2.567406501639532
    vertex -16.27097946132573 -9.10394975896304 -2.455575659334372
    vertex -15.42569927634653 -7.063262872381006 0.6506028749091453
  endloop
endfacet
facet normal -0.92388 0.382683 -3.86834e-16
  outer loop
    vertex -14.85844006489472 -5.69377799071296 -8.996028773405349
    vertex -16.31756828873853 -9.216425137958092 -9.079946956575448
    vertex -15.5542203033952 -7.373540078932042 -5.724088710238952
  endloop
endfacet
facet normal -0.92388 0.382683 -1.1733e-15
  outer loop
    vertex -20.88896752806036 -20.25275918055102 9.048270176344882
    vertex -20.12633411641852 -18.41159925504638 12.5
    vertex -19.32309029225086 -16.47239712084839 9.488116161161775
  endloop
endfacet
facet normal -0.92388 0.382683 -1.89248e-16
  outer loop
    vertex -17.04266492114472 -10.96696326194419 -5.719394266726841
    vertex -17.76155609704172 -12.70252008866509 -2.359628133315187
    vertex -16.27097946132573 -9.10394975896304 -2.455575659334372
  endloop
endfacet
facet normal -0.92388 0.382683 2.68972e-16
  outer loop
    vertex -14.85844006489472 -5.69377799071296 -8.996028773405349
    vertex -15.55053364656741 -7.364639702018554 -12.5
    vertex -16.31756828873853 -9.216425137958092 -9.079946956575448
  endloop
endfacet
facet normal -0.92388 0.382683 1.28365e-16
  outer loop
    vertex -17.81330092098359 -12.82744314440816 -9.056272322188807
    vertex -18.60106729313481 -14.7292794040371 -12.5
    vertex -19.34908986389332 -16.53516563932351 -9.047587233466235
  endloop
endfacet
facet normal -0.92388 0.382683 -2.4395e-16
  outer loop
    vertex -17.78235430744659 -12.75273141029761 9.369423721525447
    vertex -17.07580046985111 -11.04695955302783 12.5
    vertex -16.21553063845985 -8.970084458782623 9.409866113364837
  endloop
endfacet
facet normal -0.92388 0.382683 -3.84521e-16
  outer loop
    vertex -15.5542203033952 -7.373540078932042 -5.724088710238952
    vertex -17.04266492114472 -10.96696326194419 -5.719394266726841
    vertex -16.27097946132573 -9.10394975896304 -2.455575659334372
  endloop
endfacet
facet normal -0.92388 0.382683 1.58991e-16
  outer loop
    vertex -14.0252668232837 -3.682319851009278 -12.5
    vertex -15.55053364656741 -7.364639702018554 -12.5
    vertex -14.85844006489472 -5.69377799071296 -8.996028773405349
  endloop
endfacet
facet normal -0.92388 0.382683 -1.12594e-16
  outer loop
    vertex -15.55053364656741 -7.364639702018554 12.5
    vertex -14.0252668232837 -3.682319851009278 12.5
    vertex -14.71177195298506 -5.339689845773008 9.531277554051076
  endloop
endfacet
facet normal -0.92388 0.382683 1.34439e-16
  outer loop
    vertex -17.04266492114472 -10.96696326194419 -5.719394266726841
    vertex -17.81330092098359 -12.82744314440816 -9.056272322188807
    vertex -18.53860038887188 -14.57847095656608 -5.635460954860832
  endloop
endfacet
facet normal -0.92388 0.382683 9.87885e-16
  outer loop
    vertex -20.12633411641852 -18.41159925504638 -12.5
    vertex -21.65160093970222 -22.09391910605566 -12.5
    vertex -21.00795361038261 -20.54001699422705 -9.116401718587383
  endloop
endfacet
facet normal -0.92388 0.382683 -9.68386e-16
  outer loop
    vertex -21.65160093970222 -22.09391910605566 12.5
    vertex -20.12633411641852 -18.41159925504638 12.5
    vertex -20.88896752806036 -20.25275918055102 9.048270176344882
  endloop
endfacet
facet normal -0.92388 0.382683 2.60534e-16
  outer loop
    vertex -15.55053364656741 -7.364639702018554 12.5
    vertex -14.71177195298506 -5.339689845773008 9.531277554051076
    vertex -16.21553063845985 -8.970084458782623 9.409866113364837
  endloop
endfacet
facet normal -0.92388 0.382683 1.94127e-16
  outer loop
    vertex -17.07580046985111 -11.04695955302783 -12.5
    vertex -18.60106729313481 -14.7292794040371 -12.5
    vertex -17.81330092098359 -12.82744314440816 -9.056272322188807
  endloop
endfacet
facet normal -0.92388 0.382683 4.35718e-16
  outer loop
    vertex -19.88127401811618 -17.81997184212841 1.184767273506647
    vertex -19.23787380390572 -16.26666631894774 -2.254636790272283
    vertex -20.8362122980677 -20.12539678881662 -1.894283646896017
  endloop
endfacet
facet normal -0.92388 0.382683 -4.84136e-16
  outer loop
    vertex -18.53860038887188 -14.57847095656608 -5.635460954860832
    vertex -19.34908986389332 -16.53516563932351 -9.047587233466235
    vertex -20.05972870794982 -18.25079957459385 -5.542738004614947
  endloop
endfacet
facet normal -0.92388 0.382683 -4.85434e-16
  outer loop
    vertex -18.60106729313481 -14.7292794040371 12.5
    vertex -17.78235430744659 -12.75273141029761 9.369423721525447
    vertex -19.32309029225086 -16.47239712084839 9.488116161161775
  endloop
endfacet
facet normal -0.92388 0.382683 7.16727e-16
  outer loop
    vertex -15.55053364656741 -7.364639702018554 -12.5
    vertex -17.07580046985111 -11.04695955302783 -12.5
    vertex -16.31756828873853 -9.216425137958092 -9.079946956575448
  endloop
endfacet
facet normal -0.92388 0.382683 -1.07281e-15
  outer loop
    vertex -20.12633411641852 -18.41159925504638 12.5
    vertex -18.60106729313481 -14.7292794040371 12.5
    vertex -19.32309029225086 -16.47239712084839 9.488116161161775
  endloop
endfacet
facet normal -0.92388 0.382683 -1.40296e-16
  outer loop
    vertex -18.51354225476562 -14.51797526935898 6.71452681094123
    vertex -19.20597036285483 -16.18964459887631 4.068626638319666
    vertex -19.84558099805414 -17.73380126901256 6.87274449989919
  endloop
endfacet
facet normal -0.92388 0.382683 4.83806e-16
  outer loop
    vertex -17.76155609704172 -12.70252008866509 -2.359628133315187
    vertex -18.53860038887188 -14.57847095656608 -5.635460954860832
    vertex -19.23787380390572 -16.26666631894774 -2.254636790272283
  endloop
endfacet
facet normal -0.92388 0.382683 6.10254e-16
  outer loop
    vertex -18.47108322130427 -14.41547009493133 1.004475764289095
    vertex -19.23787380390572 -16.26666631894774 -2.254636790272283
    vertex -19.88127401811618 -17.81997184212841 1.184767273506647
  endloop
endfacet
facet normal -0.92388 0.382683 4.44915e-16
  outer loop
    vertex -17.04266492114472 -10.96696326194419 -5.719394266726841
    vertex -18.53860038887188 -14.57847095656608 -5.635460954860832
    vertex -17.76155609704172 -12.70252008866509 -2.359628133315187
  endloop
endfacet
facet normal -0.92388 0.382683 4.65111e-16
  outer loop
    vertex -15.42569927634653 -7.063262872381006 0.6506028749091453
    vertex -16.99854689760818 -10.86045293117719 0.9027092801961132
    vertex -16.15537819144613 -8.824863605392176 3.787579063860068
  endloop
endfacet
facet normal -0.92388 0.382683 3.17948e-16
  outer loop
    vertex -19.23787380390572 -16.26666631894774 -2.254636790272283
    vertex -18.53860038887188 -14.57847095656608 -5.635460954860832
    vertex -20.05972870794982 -18.25079957459385 -5.542738004614947
  endloop
endfacet
facet normal -0.92388 0.382683 -2.2629e-16
  outer loop
    vertex -17.76155609704172 -12.70252008866509 -2.359628133315187
    vertex -18.47108322130427 -14.41547009493133 1.004475764289095
    vertex -16.99854689760818 -10.86045293117719 0.9027092801961132
  endloop
endfacet
facet normal -0.92388 0.382683 6.98376e-16
  outer loop
    vertex -22.19227879541902 -23.39923091820199 -8.008911604389041
    vertex -21.00795361038261 -20.54001699422705 -9.116401718587383
    vertex -22.35186874759102 -23.78451514515411 -10.53079126677254
  endloop
endfacet
facet normal -0.92388 0.382683 2.88454e-16
  outer loop
    vertex -17.07580046985111 -11.04695955302783 12.5
    vertex -15.55053364656741 -7.364639702018554 12.5
    vertex -16.21553063845985 -8.970084458782623 9.409866113364837
  endloop
endfacet
facet normal -0.92388 0.382683 -2.13546e-16
  outer loop
    vertex -18.60106729313481 -14.7292794040371 12.5
    vertex -17.07580046985111 -11.04695955302783 12.5
    vertex -17.78235430744659 -12.75273141029761 9.369423721525447
  endloop
endfacet
facet normal -0.92388 0.382683 -3.45201e-16
  outer loop
    vertex -19.20597036285483 -16.18964459887631 4.068626638319666
    vertex -19.88127401811618 -17.81997184212841 1.184767273506647
    vertex -20.73864466512516 -19.88984768611809 4.813576155467416
  endloop
endfacet
facet normal -0.92388 0.382683 -2.59096e-16
  outer loop
    vertex -18.53860038887188 -14.57847095656608 -5.635460954860832
    vertex -17.81330092098359 -12.82744314440816 -9.056272322188807
    vertex -19.34908986389332 -16.53516563932351 -9.047587233466235
  endloop
endfacet
facet normal -0.92388 0.382683 5.5101e-16
  outer loop
    vertex -20.8362122980677 -20.12539678881662 -1.894283646896017
    vertex -19.23787380390572 -16.26666631894774 -2.254636790272283
    vertex -20.05972870794982 -18.25079957459385 -5.542738004614947
  endloop
endfacet
facet normal -0.92388 0.382683 -4.03904e-17
  outer loop
    vertex -16.99854689760818 -10.86045293117719 0.9027092801961132
    vertex -18.47108322130427 -14.41547009493133 1.004475764289095
    vertex -17.69882626633967 -12.55107688061882 3.808470371906628
  endloop
endfacet
facet normal -0.92388 0.382683 -2.5484e-16
  outer loop
    vertex -14.81825006835629 -5.596750755998166 -2.567406501639532
    vertex -15.5542203033952 -7.373540078932042 -5.724088710238952
    vertex -16.27097946132573 -9.10394975896304 -2.455575659334372
  endloop
endfacet
facet normal -0.92388 0.382683 0
  outer loop
    vertex -12.5 -2.143131898507868e-15 1.785714285714285
    vertex -12.5 -2.143131898507868e-15 -1.785714285714286
    vertex -13.80959336856813 -3.161638071591068 0.3568199668340277
  endloop
endfacet
facet normal -0.92388 0.382683 3.82135e-16
  outer loop
    vertex -17.76155609704172 -12.70252008866509 -2.359628133315187
    vertex -19.23787380390572 -16.26666631894774 -2.254636790272283
    vertex -18.47108322130427 -14.41547009493133 1.004475764289095
  endloop
endfacet
facet normal -0.92388 0.382683 2.9075e-16
  outer loop
    vertex -20.8362122980677 -20.12539678881662 -1.894283646896017
    vertex -22.02566092409635 -22.99697979352106 0.01799190588221578
    vertex -21.08584890999285 -20.72807288299119 1.57837739402998
  endloop
endfacet
facet normal -0.92388 0.382683 9.292e-16
  outer loop
    vertex -19.32309029225086 -16.47239712084839 9.488116161161775
    vertex -18.51354225476562 -14.51797526935898 6.71452681094123
    vertex -19.84558099805414 -17.73380126901256 6.87274449989919
  endloop
endfacet
facet normal -0.92388 0.382683 -5.37446e-16
  outer loop
    vertex -18.47108322130427 -14.41547009493133 1.004475764289095
    vertex -19.20597036285483 -16.18964459887631 4.068626638319666
    vertex -17.69882626633967 -12.55107688061882 3.808470371906628
  endloop
endfacet
facet normal -0.92388 0.382683 -5.27461e-16
  outer loop
    vertex -18.47108322130427 -14.41547009493133 1.004475764289095
    vertex -19.88127401811618 -17.81997184212841 1.184767273506647
    vertex -19.20597036285483 -16.18964459887631 4.068626638319666
  endloop
endfacet
facet normal -0.92388 0.382683 -7.2899e-17
  outer loop
    vertex -14.71177195298506 -5.339689845773008 9.531277554051076
    vertex -13.7228859547627 -2.95230785722371 6.826933882704168
    vertex -15.36812931113649 -6.924276681585593 6.611348398153723
  endloop
endfacet
facet normal -0.92388 0.382683 -3.54778e-16
  outer loop
    vertex -16.21553063845985 -8.970084458782623 9.409866113364837
    vertex -14.71177195298506 -5.339689845773008 9.531277554051076
    vertex -15.36812931113649 -6.924276681585593 6.611348398153723
  endloop
endfacet
facet normal -0.92388 0.382683 -9.19327e-17
  outer loop
    vertex -22.02566092409635 -22.99697979352106 0.01799190588221578
    vertex -20.8362122980677 -20.12539678881662 -1.894283646896017
    vertex -22.14602421624573 -23.28756248583996 -2.896809121233753
  endloop
endfacet
facet normal -0.92388 0.382683 6.54194e-16
  outer loop
    vertex -21.00795361038261 -20.54001699422705 -9.116401718587383
    vertex -21.65160093970222 -22.09391910605566 -12.5
    vertex -22.35186874759102 -23.78451514515411 -10.53079126677254
  endloop
endfacet
facet normal -0.92388 0.382683 4.9422e-16
  outer loop
    vertex -16.15537819144613 -8.824863605392176 3.787579063860068
    vertex -16.99854689760818 -10.86045293117719 0.9027092801961132
    vertex -17.69882626633967 -12.55107688061882 3.808470371906628
  endloop
endfacet
facet normal -0.92388 0.382683 0
  outer loop
    vertex -23.17686776298592 -25.77623895706494 -1.785714285714286
    vertex -23.17686776298592 -25.77623895706494 1.785714285714285
    vertex -22.02566092409635 -22.99697979352106 0.01799190588221578
  endloop
endfacet
facet normal -0.92388 0.382683 0
  outer loop
    vertex -23.17686776298592 -25.77623895706494 1.785714285714285
    vertex -23.17686776298592 -25.77623895706494 5.357142857142857
    vertex -22.00345111001822 -22.94336055915585 3.544519055678961
  endloop
endfacet
facet normal -0.92388 0.382683 2.34908e-16
  outer loop
    vertex -14.45662277112449 -4.723705230496815 3.547957580738002
    vertex -13.7228859547627 -2.95230785722371 6.826933882704168
    vertex -13.34799629619256 -2.047244159110262 3.572335782798337
  endloop
endfacet
facet normal -0.92388 0.382683 2.27165e-16
  outer loop
    vertex -13.80959336856813 -3.161638071591068 0.3568199668340277
    vertex -14.45662277112449 -4.723705230496815 3.547957580738002
    vertex -13.34799629619256 -2.047244159110262 3.572335782798337
  endloop
endfacet
facet normal -0.92388 0.382683 1.45859e-16
  outer loop
    vertex -14.0252668232837 -3.682319851009278 -12.5
    vertex -14.85844006489472 -5.69377799071296 -8.996028773405349
    vertex -13.64773830565048 -2.770885383556537 -8.493996624437344
  endloop
endfacet
facet normal -0.92388 0.382683 -1.41871e-16
  outer loop
    vertex -22.02566092409635 -22.99697979352106 0.01799190588221578
    vertex -23.17686776298592 -25.77623895706494 1.785714285714285
    vertex -22.00345111001822 -22.94336055915585 3.544519055678961
  endloop
endfacet
facet normal -0.92388 0.382683 2.12601e-16
  outer loop
    vertex -20.8362122980677 -20.12539678881662 -1.894283646896017
    vertex -21.51451233309275 -21.76295793273225 -5.464896722297834
    vertex -22.14602421624573 -23.28756248583996 -2.896809121233753
  endloop
endfacet
facet normal -0.92388 0.382683 0
  outer loop
    vertex -12.5 -2.143131898507868e-15 8.928571428571429
    vertex -12.5 -2.143131898507868e-15 5.357142857142857
    vertex -13.7228859547627 -2.95230785722371 6.826933882704168
  endloop
endfacet
facet normal -0.92388 0.382683 0
  outer loop
    vertex -23.17686776298592 -25.77623895706494 5.357142857142857
    vertex -23.17686776298592 -25.77623895706494 8.928571428571429
    vertex -22.02263063716345 -22.98966403370976 7.001010912407533
  endloop
endfacet
facet normal -0.92388 0.382683 -1.4594e-16
  outer loop
    vertex -22.00345111001822 -22.94336055915585 3.544519055678961
    vertex -23.17686776298592 -25.77623895706494 5.357142857142857
    vertex -22.02263063716345 -22.98966403370976 7.001010912407533
  endloop
endfacet
facet normal -0.92388 0.382683 3.32833e-16
  outer loop
    vertex -19.88127401811618 -17.81997184212841 1.184767273506647
    vertex -20.8362122980677 -20.12539678881662 -1.894283646896017
    vertex -21.08584890999285 -20.72807288299119 1.57837739402998
  endloop
endfacet
facet normal -0.92388 0.382683 -2.88533e-16
  outer loop
    vertex -14.81825006835629 -5.596750755998166 -2.567406501639532
    vertex -13.80959336856813 -3.161638071591068 0.3568199668340277
    vertex -13.55709272843486 -2.552047601673436 -2.998758098274452
  endloop
endfacet
facet normal -0.92388 0.382683 0
  outer loop
    vertex -12.5 -2.143131898507868e-15 -1.785714285714286
    vertex -12.5 -2.143131898507868e-15 -5.357142857142858
    vertex -13.55709272843486 -2.552047601673436 -2.998758098274452
  endloop
endfacet
facet normal -0.92388 0.382683 0
  outer loop
    vertex -23.17686776298592 -25.77623895706494 -5.357142857142858
    vertex -23.17686776298592 -25.77623895706494 -1.785714285714286
    vertex -22.14602421624573 -23.28756248583996 -2.896809121233753
  endloop
endfacet
facet normal -0.92388 0.382683 3.34968e-16
  outer loop
    vertex -12.5 -2.143131898507868e-15 1.785714285714285
    vertex -13.80959336856813 -3.161638071591068 0.3568199668340277
    vertex -13.34799629619256 -2.047244159110262 3.572335782798337
  endloop
endfacet
facet normal -0.92388 0.382683 1.32305e-16
  outer loop
    vertex -14.0252668232837 -3.682319851009278 12.5
    vertex -12.5 -2.143131898507868e-15 12.5
    vertex -13.51663469327942 -2.454373264494214 9.973554848160587
  endloop
endfacet
facet normal -0.92388 0.382683 -3.55914e-16
  outer loop
    vertex -23.17686776298592 -25.77623895706494 12.5
    vertex -21.65160093970222 -22.09391910605566 12.5
    vertex -22.18338692617958 -23.37776404688927 9.995570503464769
  endloop
endfacet
facet normal -0.92388 0.382683 0
  outer loop
    vertex -12.5 -2.143131898507868e-15 12.5
    vertex -12.5 -2.143131898507868e-15 8.928571428571429
    vertex -13.51663469327942 -2.454373264494214 9.973554848160587
  endloop
endfacet
facet normal -0.92388 0.382683 0
  outer loop
    vertex -23.17686776298592 -25.77623895706494 8.928571428571429
    vertex -23.17686776298592 -25.77623895706494 12.5
    vertex -22.18338692617958 -23.37776404688927 9.995570503464769
  endloop
endfacet
facet normal -0.92388 0.382683 -3.0423e-16
  outer loop
    vertex -14.15757942705955 -4.001750733517827 -5.672438173426571
    vertex -14.81825006835629 -5.596750755998166 -2.567406501639532
    vertex -13.55709272843486 -2.552047601673436 -2.998758098274452
  endloop
endfacet
facet normal -0.92388 0.382683 7.43421e-17
  outer loop
    vertex -13.7228859547627 -2.95230785722371 6.826933882704168
    vertex -12.5 -2.143131898507868e-15 5.357142857142857
    vertex -13.34799629619256 -2.047244159110262 3.572335782798337
  endloop
endfacet
facet normal -0.92388 0.382683 5.65812e-16
  outer loop
    vertex -21.65160093970222 -22.09391910605566 -12.5
    vertex -23.17686776298592 -25.77623895706494 -12.5
    vertex -22.35186874759102 -23.78451514515411 -10.53079126677254
  endloop
endfacet
facet normal -0.92388 0.382683 -5.64444e-16
  outer loop
    vertex -21.51451233309275 -21.76295793273225 -5.464896722297834
    vertex -21.00795361038261 -20.54001699422705 -9.116401718587383
    vertex -22.19227879541902 -23.39923091820199 -8.008911604389041
  endloop
endfacet
facet normal -0.92388 0.382683 -1.07447e-15
  outer loop
    vertex -17.78235430744659 -12.75273141029761 9.369423721525447
    vertex -16.21553063845985 -8.970084458782623 9.409866113364837
    vertex -16.94658635804073 -10.73500909184523 6.564476194204181
  endloop
endfacet
facet normal -0.92388 0.382683 0
  outer loop
    vertex -14.71177195298506 -5.339689845773008 9.531277554051076
    vertex -14.0252668232837 -3.682319851009278 12.5
    vertex -13.51663469327942 -2.454373264494214 9.973554848160587
  endloop
endfacet
facet normal -0.92388 0.382683 1.77892e-16
  outer loop
    vertex -19.20597036285483 -16.18964459887631 4.068626638319666
    vertex -20.73864466512516 -19.88984768611809 4.813576155467416
    vertex -19.84558099805414 -17.73380126901256 6.87274449989919
  endloop
endfacet
facet normal -0.92388 0.382683 -5.21787e-16
  outer loop
    vertex -21.65160093970222 -22.09391910605566 12.5
    vertex -20.88896752806036 -20.25275918055102 9.048270176344882
    vertex -22.18338692617958 -23.37776404688927 9.995570503464769
  endloop
endfacet
facet normal -0.92388 0.382683 8.54349e-16
  outer loop
    vertex -19.32309029225086 -16.47239712084839 9.488116161161775
    vertex -17.78235430744659 -12.75273141029761 9.369423721525447
    vertex -18.51354225476562 -14.51797526935898 6.71452681094123
  endloop
endfacet
facet normal -0.92388 0.382683 0
  outer loop
    vertex -14.85844006489472 -5.69377799071296 -8.996028773405349
    vertex -14.15757942705955 -4.001750733517827 -5.672438173426571
    vertex -13.64773830565048 -2.770885383556537 -8.493996624437344
  endloop
endfacet
facet normal -0.92388 0.382683 -3.74868e-16
  outer loop
    vertex -13.80959336856813 -3.161638071591068 0.3568199668340277
    vertex -12.5 -2.143131898507868e-15 -1.785714285714286
    vertex -13.55709272843486 -2.552047601673436 -2.998758098274452
  endloop
endfacet
facet normal -0.92388 0.382683 7.03429e-16
  outer loop
    vertex -20.88896752806036 -20.25275918055102 9.048270176344882
    vertex -19.32309029225086 -16.47239712084839 9.488116161161775
    vertex -19.84558099805414 -17.73380126901256 6.87274449989919
  endloop
endfacet
facet normal -0.92388 0.382683 -2.52788e-16
  outer loop
    vertex -20.73864466512516 -19.88984768611809 4.813576155467416
    vertex -19.88127401811618 -17.81997184212841 1.184767273506647
    vertex -21.08584890999285 -20.72807288299119 1.57837739402998
  endloop
endfacet
facet normal -0.92388 0.382683 -2.70749e-16
  outer loop
    vertex -23.17686776298592 -25.77623895706494 -1.785714285714286
    vertex -22.02566092409635 -22.99697979352106 0.01799190588221578
    vertex -22.14602421624573 -23.28756248583996 -2.896809121233753
  endloop
endfacet
facet normal -0.92388 0.382683 -2.5871e-16
  outer loop
    vertex -17.78235430744659 -12.75273141029761 9.369423721525447
    vertex -16.94658635804073 -10.73500909184523 6.564476194204181
    vertex -18.51354225476562 -14.51797526935898 6.71452681094123
  endloop
endfacet
facet normal -0.92388 0.382683 0
  outer loop
    vertex -12.5 -2.143131898507868e-15 5.357142857142857
    vertex -12.5 -2.143131898507868e-15 1.785714285714285
    vertex -13.34799629619256 -2.047244159110262 3.572335782798337
  endloop
endfacet
facet normal -0.92388 0.382683 -1.27927e-16
  outer loop
    vertex -22.02566092409635 -22.99697979352106 0.01799190588221578
    vertex -22.00345111001822 -22.94336055915585 3.544519055678961
    vertex -21.08584890999285 -20.72807288299119 1.57837739402998
  endloop
endfacet
facet normal -0.92388 0.382683 3.18439e-16
  outer loop
    vertex -16.15537819144613 -8.824863605392176 3.787579063860068
    vertex -17.69882626633967 -12.55107688061882 3.808470371906628
    vertex -16.94658635804073 -10.73500909184523 6.564476194204181
  endloop
endfacet
facet normal -0.92388 0.382683 -2.32721e-16
  outer loop
    vertex -22.00345111001822 -22.94336055915585 3.544519055678961
    vertex -20.73864466512516 -19.88984768611809 4.813576155467416
    vertex -21.08584890999285 -20.72807288299119 1.57837739402998
  endloop
endfacet
facet normal -0.92388 0.382683 -6.11624e-16
  outer loop
    vertex -17.69882626633967 -12.55107688061882 3.808470371906628
    vertex -19.20597036285483 -16.18964459887631 4.068626638319666
    vertex -18.51354225476562 -14.51797526935898 6.71452681094123
  endloop
endfacet
facet normal -0.92388 0.382683 -3.29987e-16
  outer loop
    vertex -13.7228859547627 -2.95230785722371 6.826933882704168
    vertex -14.71177195298506 -5.339689845773008 9.531277554051076
    vertex -13.51663469327942 -2.454373264494214 9.973554848160587
  endloop
endfacet
facet normal -0.92388 0.382683 -7.67004e-17
  outer loop
    vertex -16.94658635804073 -10.73500909184523 6.564476194204181
    vertex -17.69882626633967 -12.55107688061882 3.808470371906628
    vertex -18.51354225476562 -14.51797526935898 6.71452681094123
  endloop
endfacet
facet normal -0.92388 0.382683 -4.56361e-17
  outer loop
    vertex -20.88896752806036 -20.25275918055102 9.048270176344882
    vertex -22.02263063716345 -22.98966403370976 7.001010912407533
    vertex -22.18338692617958 -23.37776404688927 9.995570503464769
  endloop
endfacet
facet normal -0.92388 0.382683 0
  outer loop
    vertex -23.17686776298592 -25.77623895706494 -12.5
    vertex -23.17686776298592 -25.77623895706494 -8.928571428571431
    vertex -22.35186874759102 -23.78451514515411 -10.53079126677254
  endloop
endfacet
facet normal -0.92388 0.382683 -3.98175e-16
  outer loop
    vertex -12.5 -2.143131898507868e-15 8.928571428571429
    vertex -13.7228859547627 -2.95230785722371 6.826933882704168
    vertex -13.51663469327942 -2.454373264494214 9.973554848160587
  endloop
endfacet
facet normal -0.92388 0.382683 -4.05074e-17
  outer loop
    vertex -22.02263063716345 -22.98966403370976 7.001010912407533
    vertex -23.17686776298592 -25.77623895706494 8.928571428571429
    vertex -22.18338692617958 -23.37776404688927 9.995570503464769
  endloop
endfacet
facet normal -0.92388 0.382683 5.45573e-16
  outer loop
    vertex -23.17686776298592 -25.77623895706494 -8.928571428571431
    vertex -22.19227879541902 -23.39923091820199 -8.008911604389041
    vertex -22.35186874759102 -23.78451514515411 -10.53079126677254
  endloop
endfacet
facet normal -0.707107 -0.707107 -6.77338e-16
  outer loop
    vertex -21.09731961721254 -27.85578710283837 7.117830395366125
    vertex -19.15010901053945 -29.80299770951151 5.411294895230576
    vertex -19.29063304526431 -29.66247367478665 9.343850361861019
  endloop
endfacet
facet normal -0.707107 -0.707107 5.42161e-16
  outer loop
    vertex -19.17904308537079 -29.77406363468017 -5.40909345921316
    vertex -21.09575103065766 -27.85735568939325 -7.119019018312649
    vertex -19.29234825522555 -29.66075846482541 -9.344132696508609
  endloop
endfacet
facet normal -0.707107 -0.707107 -6.45581e-16
  outer loop
    vertex -19.29063304526431 -29.66247367478665 9.343850361861019
    vertex -19.15010901053945 -29.80299770951151 5.411294895230576
    vertex -17.24688167561164 -31.70622504443937 6.666912605060155
  endloop
endfacet
facet normal -0.707107 -0.707107 5.14589e-16
  outer loop
    vertex -19.17904308537079 -29.77406363468017 -5.40909345921316
    vertex -19.29234825522555 -29.66075846482541 -9.344132696508609
    vertex -17.24776419955998 -31.70534252049103 -6.668140261981893
  endloop
endfacet
facet normal -0.707107 -0.707107 3.39261e-16
  outer loop
    vertex -15.19898301360373 -33.75412370644734 -7.391983158568927
    vertex -15.46328337026413 -33.48982334978693 -3.571428571428577
    vertex -17.24776419955998 -31.70534252049103 -6.668140261981893
  endloop
endfacet
facet normal -0.707107 -0.707107 -6.32849e-16
  outer loop
    vertex -15.46328337026413 -33.48982334978693 3.571428571428573
    vertex -15.19962181487177 -33.7534849051793 7.391168751162961
    vertex -17.24688167561164 -31.70622504443937 6.666912605060155
  endloop
endfacet
facet normal -0.707107 -0.707107 -4.01958e-16
  outer loop
    vertex -15.46328337026413 -33.48982334978693 -3.571428571428577
    vertex -17.46060945649544 -31.49249726355557 -3.535209192209379
    vertex -17.24776419955998 -31.70534252049103 -6.668140261981893
  endloop
endfacet
facet normal -0.707107 -0.707107 -3.21263e-16
  outer loop
    vertex -17.46077079573769 -31.49233592431332 3.544490390579805
    vertex -15.46328337026413 -33.48982334978693 3.571428571428573
    vertex -17.24688167561164 -31.70622504443937 6.666912605060155
  endloop
endfacet
facet normal -0.707107 -0.707107 -4.18759e-16
  outer loop
    vertex -23.17686776298592 -25.77623895706494 -5.357142857142858
    vertex -21.09575103065766 -27.85735568939325 -7.119019018312649
    vertex -21.03414322148442 -27.9189634985665 -3.56792073136705
  endloop
endfacet
facet normal -0.707107 -0.707107 -3.02649e-16
  outer loop
    vertex -18.95957354578955 -29.99353317426142 -1.78168889211992
    vertex -21.03414322148442 -27.9189634985665 -3.56792073136705
    vertex -19.17904308537079 -29.77406363468017 -5.40909345921316
  endloop
endfacet
facet normal -0.707107 -0.707107 -0
  outer loop
    vertex -23.17686776298592 -25.77623895706494 -1.785714285714286
    vertex -23.17686776298592 -25.77623895706494 -5.357142857142858
    vertex -21.03414322148442 -27.9189634985665 -3.56792073136705
  endloop
endfacet
facet normal -0.707107 -0.707107 2.55328e-16
  outer loop
    vertex -21.09731961721254 -27.85578710283837 7.117830395366125
    vertex -23.17686776298592 -25.77623895706494 5.357142857142857
    vertex -21.00971911321541 -27.9433876068355 3.569620695226641
  endloop
endfacet
facet normal -0.707107 -0.707107 -3.95389e-16
  outer loop
    vertex -21.03414322148442 -27.9189634985665 -3.56792073136705
    vertex -21.09575103065766 -27.85735568939325 -7.119019018312649
    vertex -19.17904308537079 -29.77406363468017 -5.40909345921316
  endloop
endfacet
facet normal -0.707107 -0.707107 2.37256e-16
  outer loop
    vertex -20.98838655949882 -27.9647201605521 0.003657587380137883
    vertex -23.17686776298592 -25.77623895706494 -1.785714285714286
    vertex -21.03414322148442 -27.9189634985665 -3.56792073136705
  endloop
endfacet
facet normal -0.707107 -0.707107 -0
  outer loop
    vertex -23.17686776298592 -25.77623895706494 -5.357142857142858
    vertex -23.17686776298592 -25.77623895706494 -8.928571428571431
    vertex -21.09575103065766 -27.85735568939325 -7.119019018312649
  endloop
endfacet
facet normal -0.707107 -0.707107 -0
  outer loop
    vertex -23.17686776298592 -25.77623895706494 8.928571428571429
    vertex -23.17686776298592 -25.77623895706494 5.357142857142857
    vertex -21.09731961721254 -27.85578710283837 7.117830395366125
  endloop
endfacet
facet normal -0.707107 -0.707107 2.67117e-16
  outer loop
    vertex -21.09731961721254 -27.85578710283837 7.117830395366125
    vertex -21.00971911321541 -27.9433876068355 3.569620695226641
    vertex -19.15010901053945 -29.80299770951151 5.411294895230576
  endloop
endfacet
facet normal -0.707107 -0.707107 -0
  outer loop
    vertex -23.17686776298592 -25.77623895706494 5.357142857142857
    vertex -23.17686776298592 -25.77623895706494 1.785714285714285
    vertex -21.00971911321541 -27.9433876068355 3.569620695226641
  endloop
endfacet
facet normal -0.707107 -0.707107 -8.08698e-17
  outer loop
    vertex -23.17686776298592 -25.77623895706494 1.785714285714285
    vertex -20.98838655949882 -27.9647201605521 0.003657587380137883
    vertex -21.00971911321541 -27.9433876068355 3.569620695226641
  endloop
endfacet
facet normal -0.707107 -0.707107 2.5712e-16
  outer loop
    vertex -18.95957354578955 -29.99353317426142 -1.78168889211992
    vertex -20.98838655949882 -27.9647201605521 0.003657587380137883
    vertex -21.03414322148442 -27.9189634985665 -3.56792073136705
  endloop
endfacet
facet normal -0.707107 -0.707107 -1.55685e-16
  outer loop
    vertex -18.98942021469951 -29.96368650535146 1.801888970980116
    vertex -20.98838655949882 -27.9647201605521 0.003657587380137883
    vertex -18.95957354578955 -29.99353317426142 -1.78168889211992
  endloop
endfacet
facet normal -0.707107 -0.707107 -1.12281e-16
  outer loop
    vertex -21.00971911321541 -27.9433876068355 3.569620695226641
    vertex -20.98838655949882 -27.9647201605521 0.003657587380137883
    vertex -18.98942021469951 -29.96368650535146 1.801888970980116
  endloop
endfacet
facet normal -0.707107 -0.707107 -1.50961e-16
  outer loop
    vertex -18.98942021469951 -29.96368650535146 1.801888970980116
    vertex -18.95957354578955 -29.99353317426142 -1.78168889211992
    vertex -16.61645777355404 -32.33664894649699 0.02103926768743669
  endloop
endfacet
facet normal -0.707107 -0.707107 -0
  outer loop
    vertex -23.17686776298592 -25.77623895706494 1.785714285714285
    vertex -23.17686776298592 -25.77623895706494 -1.785714285714286
    vertex -20.98838655949882 -27.9647201605521 0.003657587380137883
  endloop
endfacet
facet normal -0.707107 -0.707107 0
  outer loop
    vertex -13.2762389570649 -35.67686776298623 -5.357142857142858
    vertex -13.2762389570649 -35.67686776298623 -1.785714285714286
    vertex -15.46328337026413 -33.48982334978693 -3.571428571428577
  endloop
endfacet
facet normal -0.707107 -0.707107 0
  outer loop
    vertex -13.2762389570649 -35.67686776298623 1.785714285714285
    vertex -13.2762389570649 -35.67686776298623 5.357142857142857
    vertex -15.46328337026413 -33.48982334978693 3.571428571428573
  endloop
endfacet
facet normal -0.707107 -0.707107 -4.40199e-17
  outer loop
    vertex -15.46328337026413 -33.48982334978693 -3.571428571428577
    vertex -16.61645777355404 -32.33664894649699 0.02103926768743669
    vertex -17.46060945649544 -31.49249726355557 -3.535209192209379
  endloop
endfacet
facet normal -0.707107 -0.707107 5.82509e-16
  outer loop
    vertex -19.15010901053945 -29.80299770951151 5.411294895230576
    vertex -21.00971911321541 -27.9433876068355 3.569620695226641
    vertex -18.98942021469951 -29.96368650535146 1.801888970980116
  endloop
endfacet
facet normal -0.707107 -0.707107 -3.18929e-16
  outer loop
    vertex -18.22655336002541 -30.72655336002558 -12.5
    vertex -15.75139615854515 -33.20171056150591 -12.5
    vertex -16.84229833261224 -32.11080838743878 -9.715437923290047
  endloop
endfacet
facet normal -0.707107 -0.707107 -1.45759e-15
  outer loop
    vertex -15.75139615854515 -33.20171056150591 12.5
    vertex -18.22655336002541 -30.72655336002558 12.5
    vertex -16.84284587655628 -32.11026084349474 9.714739859799217
  endloop
endfacet
facet normal -0.707107 -0.707107 -5.51488e-16
  outer loop
    vertex -16.61645777355404 -32.33664894649699 0.02103926768743669
    vertex -15.46328337026413 -33.48982334978693 -3.571428571428577
    vertex -14.70771632991108 -34.24539039014 1.77635683940025e-15
  endloop
endfacet
facet normal -0.707107 -0.707107 8.58504e-16
  outer loop
    vertex -19.29234825522555 -29.66075846482541 -9.344132696508609
    vertex -16.84229833261224 -32.11080838743878 -9.715437923290047
    vertex -17.24776419955998 -31.70534252049103 -6.668140261981893
  endloop
endfacet
facet normal -0.707107 -0.707107 5.36925e-16
  outer loop
    vertex -16.84284587655628 -32.11026084349474 9.714739859799217
    vertex -19.29063304526431 -29.66247367478665 9.343850361861019
    vertex -17.24688167561164 -31.70622504443937 6.666912605060155
  endloop
endfacet
facet normal -0.707107 -0.707107 5.42523e-16
  outer loop
    vertex -15.46328337026413 -33.48982334978693 3.571428571428573
    vertex -16.61645777355404 -32.33664894649699 0.02103926768743669
    vertex -14.70771632991108 -34.24539039014 1.77635683940025e-15
  endloop
endfacet
facet normal -0.707107 -0.707107 4.66972e-16
  outer loop
    vertex -16.61645777355404 -32.33664894649699 0.02103926768743669
    vertex -15.46328337026413 -33.48982334978693 3.571428571428573
    vertex -17.46077079573769 -31.49233592431332 3.544490390579805
  endloop
endfacet
facet normal -0.707107 -0.707107 0
  outer loop
    vertex -13.2762389570649 -35.67686776298623 -8.928571428571431
    vertex -13.2762389570649 -35.67686776298623 -5.357142857142858
    vertex -15.19898301360373 -33.75412370644734 -7.391983158568927
  endloop
endfacet
facet normal -0.707107 -0.707107 0
  outer loop
    vertex -13.2762389570649 -35.67686776298623 5.357142857142857
    vertex -13.2762389570649 -35.67686776298623 8.928571428571429
    vertex -15.19962181487177 -33.7534849051793 7.391168751162961
  endloop
endfacet
facet normal -0.707107 -0.707107 6.02957e-16
  outer loop
    vertex -18.22655336002541 -30.72655336002558 12.5
    vertex -20.70171056150566 -28.25139615854526 12.5
    vertex -19.29063304526431 -29.66247367478665 9.343850361861019
  endloop
endfacet
facet normal -0.707107 -0.707107 -6.03011e-16
  outer loop
    vertex -20.70171056150566 -28.25139615854526 -12.5
    vertex -18.22655336002541 -30.72655336002558 -12.5
    vertex -19.29234825522555 -29.66075846482541 -9.344132696508609
  endloop
endfacet
facet normal -0.707107 -0.707107 1.59324e-16
  outer loop
    vertex -13.2762389570649 -35.67686776298623 -5.357142857142858
    vertex -15.46328337026413 -33.48982334978693 -3.571428571428577
    vertex -15.19898301360373 -33.75412370644734 -7.391983158568927
  endloop
endfacet
facet normal -0.707107 -0.707107 -5.37763e-16
  outer loop
    vertex -15.46328337026413 -33.48982334978693 3.571428571428573
    vertex -13.2762389570649 -35.67686776298623 5.357142857142857
    vertex -15.19962181487177 -33.7534849051793 7.391168751162961
  endloop
endfacet
facet normal -0.707107 -0.707107 -4.28348e-17
  outer loop
    vertex -16.84284587655628 -32.11026084349474 9.714739859799217
    vertex -18.22655336002541 -30.72655336002558 12.5
    vertex -19.29063304526431 -29.66247367478665 9.343850361861019
  endloop
endfacet
facet normal -0.707107 -0.707107 -7.06256e-16
  outer loop
    vertex -18.22655336002541 -30.72655336002558 -12.5
    vertex -16.84229833261224 -32.11080838743878 -9.715437923290047
    vertex -19.29234825522555 -29.66075846482541 -9.344132696508609
  endloop
endfacet
facet normal -0.707107 -0.707107 -0
  outer loop
    vertex -23.17686776298592 -25.77623895706494 12.5
    vertex -23.17686776298592 -25.77623895706494 8.928571428571429
    vertex -21.33293807127601 -27.6201686487749 9.873829723399698
  endloop
endfacet
facet normal -0.707107 -0.707107 -0
  outer loop
    vertex -23.17686776298592 -25.77623895706494 -8.928571428571431
    vertex -23.17686776298592 -25.77623895706494 -12.5
    vertex -21.332938071276 -27.6201686487749 -9.873829723399698
  endloop
endfacet
facet normal -0.707107 -0.707107 3.86473e-16
  outer loop
    vertex -23.17686776298592 -25.77623895706494 -12.5
    vertex -20.70171056150566 -28.25139615854526 -12.5
    vertex -21.332938071276 -27.6201686487749 -9.873829723399698
  endloop
endfacet
facet normal -0.707107 -0.707107 5.55555e-16
  outer loop
    vertex -20.70171056150566 -28.25139615854526 12.5
    vertex -23.17686776298592 -25.77623895706494 12.5
    vertex -21.33293807127601 -27.6201686487749 9.873829723399698
  endloop
endfacet
facet normal -0.707107 -0.707107 1.15263e-16
  outer loop
    vertex -16.61645777355404 -32.33664894649699 0.02103926768743669
    vertex -18.95957354578955 -29.99353317426142 -1.78168889211992
    vertex -17.46060945649544 -31.49249726355557 -3.535209192209379
  endloop
endfacet
facet normal -0.707107 -0.707107 9.71946e-17
  outer loop
    vertex -13.2762389570649 -35.67686776298623 1.785714285714285
    vertex -15.46328337026413 -33.48982334978693 3.571428571428573
    vertex -14.70771632991108 -34.24539039014 1.77635683940025e-15
  endloop
endfacet
facet normal -0.707107 -0.707107 -9.71946e-17
  outer loop
    vertex -15.46328337026413 -33.48982334978693 -3.571428571428577
    vertex -13.2762389570649 -35.67686776298623 -1.785714285714286
    vertex -14.70771632991108 -34.24539039014 1.77635683940025e-15
  endloop
endfacet
facet normal -0.707107 -0.707107 8.24265e-16
  outer loop
    vertex -18.98942021469951 -29.96368650535146 1.801888970980116
    vertex -16.61645777355404 -32.33664894649699 0.02103926768743669
    vertex -17.46077079573769 -31.49233592431332 3.544490390579805
  endloop
endfacet
facet normal -0.707107 -0.707107 0
  outer loop
    vertex -13.2762389570649 -35.67686776298623 -12.5
    vertex -13.2762389570649 -35.67686776298623 -8.928571428571431
    vertex -15.07939029217638 -33.8737164278747 -9.930352115479213
  endloop
endfacet
facet normal -0.707107 -0.707107 0
  outer loop
    vertex -13.2762389570649 -35.67686776298623 8.928571428571429
    vertex -13.2762389570649 -35.67686776298623 12.5
    vertex -15.07939029217637 -33.8737164278747 9.930352115479215
  endloop
endfacet
facet normal -0.707107 -0.707107 -2.96231e-16
  outer loop
    vertex -13.2762389570649 -35.67686776298623 12.5
    vertex -15.75139615854515 -33.20171056150591 12.5
    vertex -15.07939029217637 -33.8737164278747 9.930352115479215
  endloop
endfacet
facet normal -0.707107 -0.707107 -2.22173e-16
  outer loop
    vertex -15.75139615854515 -33.20171056150591 -12.5
    vertex -13.2762389570649 -35.67686776298623 -12.5
    vertex -15.07939029217638 -33.8737164278747 -9.930352115479213
  endloop
endfacet
facet normal -0.707107 -0.707107 1.06971e-15
  outer loop
    vertex -13.2762389570649 -35.67686776298623 -8.928571428571431
    vertex -15.19898301360373 -33.75412370644734 -7.391983158568927
    vertex -15.07939029217638 -33.8737164278747 -9.930352115479213
  endloop
endfacet
facet normal -0.707107 -0.707107 -3.34135e-17
  outer loop
    vertex -15.19962181487177 -33.7534849051793 7.391168751162961
    vertex -13.2762389570649 -35.67686776298623 8.928571428571429
    vertex -15.07939029217637 -33.8737164278747 9.930352115479215
  endloop
endfacet
facet normal -0.707107 -0.707107 -2.81226e-16
  outer loop
    vertex -21.09575103065766 -27.85735568939325 -7.119019018312649
    vertex -23.17686776298592 -25.77623895706494 -8.928571428571431
    vertex -21.332938071276 -27.6201686487749 -9.873829723399698
  endloop
endfacet
facet normal -0.707107 -0.707107 -7.1037e-16
  outer loop
    vertex -23.17686776298592 -25.77623895706494 8.928571428571429
    vertex -21.09731961721254 -27.85578710283837 7.117830395366125
    vertex -21.33293807127601 -27.6201686487749 9.873829723399698
  endloop
endfacet
facet normal -0.707107 -0.707107 5.51105e-16
  outer loop
    vertex -19.29063304526431 -29.66247367478665 9.343850361861019
    vertex -20.70171056150566 -28.25139615854526 12.5
    vertex -21.33293807127601 -27.6201686487749 9.873829723399698
  endloop
endfacet
facet normal -0.707107 -0.707107 4.13669e-17
  outer loop
    vertex -20.70171056150566 -28.25139615854526 -12.5
    vertex -19.29234825522555 -29.66075846482541 -9.344132696508609
    vertex -21.332938071276 -27.6201686487749 -9.873829723399698
  endloop
endfacet
facet normal -0.707107 -0.707107 -2.49448e-16
  outer loop
    vertex -18.95957354578955 -29.99353317426142 -1.78168889211992
    vertex -19.17904308537079 -29.77406363468017 -5.40909345921316
    vertex -17.46060945649544 -31.49249726355557 -3.535209192209379
  endloop
endfacet
facet normal -0.707107 -0.707107 -3.35886e-16
  outer loop
    vertex -16.84229833261224 -32.11080838743878 -9.715437923290047
    vertex -15.75139615854515 -33.20171056150591 -12.5
    vertex -15.07939029217638 -33.8737164278747 -9.930352115479213
  endloop
endfacet
facet normal -0.707107 -0.707107 -6.71503e-16
  outer loop
    vertex -15.75139615854515 -33.20171056150591 12.5
    vertex -16.84284587655628 -32.11026084349474 9.714739859799217
    vertex -15.07939029217637 -33.8737164278747 9.930352115479215
  endloop
endfacet
facet normal -0.707107 -0.707107 0
  outer loop
    vertex -13.2762389570649 -35.67686776298623 -1.785714285714286
    vertex -13.2762389570649 -35.67686776298623 1.785714285714285
    vertex -14.70771632991108 -34.24539039014 1.77635683940025e-15
  endloop
endfacet
facet normal -0.707107 -0.707107 6.29658e-16
  outer loop
    vertex -19.15010901053945 -29.80299770951151 5.411294895230576
    vertex -18.98942021469951 -29.96368650535146 1.801888970980116
    vertex -17.46077079573769 -31.49233592431332 3.544490390579805
  endloop
endfacet
facet normal -0.707107 -0.707107 7.05372e-17
  outer loop
    vertex -16.84284587655628 -32.11026084349474 9.714739859799217
    vertex -15.19962181487177 -33.7534849051793 7.391168751162961
    vertex -15.07939029217637 -33.8737164278747 9.930352115479215
  endloop
endfacet
facet normal -0.707107 -0.707107 1.08073e-15
  outer loop
    vertex -15.19898301360373 -33.75412370644734 -7.391983158568927
    vertex -16.84229833261224 -32.11080838743878 -9.715437923290047
    vertex -15.07939029217638 -33.8737164278747 -9.930352115479213
  endloop
endfacet
facet normal -0.707107 -0.707107 -1.14276e-16
  outer loop
    vertex -19.29234825522555 -29.66075846482541 -9.344132696508609
    vertex -21.09575103065766 -27.85735568939325 -7.119019018312649
    vertex -21.332938071276 -27.6201686487749 -9.873829723399698
  endloop
endfacet
facet normal -0.707107 -0.707107 -6.77536e-16
  outer loop
    vertex -21.09731961721254 -27.85578710283837 7.117830395366125
    vertex -19.29063304526431 -29.66247367478665 9.343850361861019
    vertex -21.33293807127601 -27.6201686487749 9.873829723399698
  endloop
endfacet
facet normal -0.707107 -0.707107 1.00324e-15
  outer loop
    vertex -15.19962181487177 -33.7534849051793 7.391168751162961
    vertex -16.84284587655628 -32.11026084349474 9.714739859799217
    vertex -17.24688167561164 -31.70622504443937 6.666912605060155
  endloop
endfacet
facet normal -0.707107 -0.707107 8.04871e-16
  outer loop
    vertex -16.84229833261224 -32.11080838743878 -9.715437923290047
    vertex -15.19898301360373 -33.75412370644734 -7.391983158568927
    vertex -17.24776419955998 -31.70534252049103 -6.668140261981893
  endloop
endfacet
facet normal -0.707107 -0.707107 -4.54798e-16
  outer loop
    vertex -17.46060945649544 -31.49249726355557 -3.535209192209379
    vertex -19.17904308537079 -29.77406363468017 -5.40909345921316
    vertex -17.24776419955998 -31.70534252049103 -6.668140261981893
  endloop
endfacet
facet normal -0.707107 -0.707107 -3.87396e-16
  outer loop
    vertex -19.15010901053945 -29.80299770951151 5.411294895230576
    vertex -17.46077079573769 -31.49233592431332 3.544490390579805
    vertex -17.24688167561164 -31.70622504443937 6.666912605060155
  endloop
endfacet
facet normal 0.382683 -0.92388 0
  outer loop
    vertex 12.49999999999992 -24.99999999999999 8.928571428571429
    vertex 12.49999999999992 -24.99999999999999 12.5
    vertex 9.728966889860269 -26.14779949600477 8.486010223259377
  endloop
endfacet
facet normal 0.382683 -0.92388 3.66128e-16
  outer loop
    vertex 8.817680148990663 -26.52526682328374 -12.5
    vertex 12.49999999999992 -24.99999999999999 -12.5
    vertex 9.727221901925175 -26.14852229367366 -8.391672607066681
  endloop
endfacet
facet normal 0.382683 -0.92388 -1.66548e-16
  outer loop
    vertex 12.49999999999992 -24.99999999999999 12.5
    vertex 8.817680148990663 -26.52526682328374 12.5
    vertex 9.728966889860269 -26.14779949600477 8.486010223259377
  endloop
endfacet
facet normal 0.382683 -0.92388 3.74026e-16
  outer loop
    vertex 6.822368654669654 -27.35175190539045 -1.964624090557297
    vertex 9.642488767173978 -26.18361990726999 0
    vertex 6.895330132370956 -27.32153027179579 2.425654681696578
  endloop
endfacet
facet normal 0.382683 -0.92388 3.79624e-16
  outer loop
    vertex 6.822368654669654 -27.35175190539045 -1.964624090557297
    vertex 6.895330132370956 -27.32153027179579 2.425654681696578
    vertex 4.385437676942447 -28.36116176693221 0.453311675257801
  endloop
endfacet
facet normal 0.382683 -0.92388 7.6517e-16
  outer loop
    vertex -7.451954303830142 -33.26437006849486 4.769433319016143
    vertex -7.752759180551006 -33.3889675280606 9.048270176344879
    vertex -10.50586002495326 -34.52933923639287 6.988525271335359
  endloop
endfacet
facet normal 0.382683 -0.92388 6.55989e-16
  outer loop
    vertex -7.752759180551006 -33.3889675280606 9.048270176344879
    vertex -7.451954303830142 -33.26437006849486 4.769433319016143
    vertex -5.309708535737101 -32.37702281741433 6.784885317395568
  endloop
endfacet
facet normal 0.382683 -0.92388 -8.38431e-16
  outer loop
    vertex -9.163418334832921 -33.97328168164995 -5.478864863974664
    vertex -13.2762389570649 -35.67686776298623 -5.357142857142858
    vertex -11.03655339675707 -34.74915962845552 -7.922033584083799
  endloop
endfacet
facet normal 0.382683 -0.92388 1.46499e-16
  outer loop
    vertex 12.49999999999992 -24.99999999999999 -5.357142857142858
    vertex 8.579884149479989 -26.62376515135913 -5.607175795649137
    vertex 9.727221901925175 -26.14852229367366 -8.391672607066681
  endloop
endfacet
facet normal 0.382683 -0.92388 -5.99653e-16
  outer loop
    vertex 8.494066772772749 -26.65931187267855 5.682856093661643
    vertex 12.49999999999992 -24.99999999999999 5.357142857142857
    vertex 9.728966889860269 -26.14779949600477 8.486010223259377
  endloop
endfacet
facet normal 0.382683 -0.92388 1.18823e-15
  outer loop
    vertex -13.2762389570649 -35.67686776298623 -5.357142857142858
    vertex -9.163418334832921 -33.97328168164995 -5.478864863974664
    vertex -10.78430352215067 -34.64467430928663 -2.912253908775586
  endloop
endfacet
facet normal 0.382683 -0.92388 -4.95549e-16
  outer loop
    vertex -8.031791703262357 -33.50454658331083 -9.13130305644431
    vertex -4.052853253945386 -31.85641631375593 -9.06818746387248
    vertex -5.70574743652059 -32.54106750134618 -5.557033344930019
  endloop
endfacet
facet normal 0.382683 -0.92388 -5.35692e-16
  outer loop
    vertex -10.5173002678894 -34.53407794017386 3.483782507123975
    vertex -7.451954303830142 -33.26437006849486 4.769433319016143
    vertex -10.50586002495326 -34.52933923639287 6.988525271335359
  endloop
endfacet
facet normal 0.382683 -0.92388 0
  outer loop
    vertex 12.49999999999992 -24.99999999999999 5.357142857142857
    vertex 12.49999999999992 -24.99999999999999 8.928571428571429
    vertex 9.728966889860269 -26.14779949600477 8.486010223259377
  endloop
endfacet
facet normal 0.382683 -0.92388 -4.43147e-16
  outer loop
    vertex -0.3366152851509145 -30.31710014607538 3.622423530220985
    vertex 1.285718142686875 -29.64510763757371 0.63735777691819
    vertex 3.265713248786552 -28.82496681119485 3.271751342778053
  endloop
endfacet
facet normal 0.382683 -0.92388 6.66753e-16
  outer loop
    vertex -8.031791703262357 -33.50454658331083 -9.13130305644431
    vertex -5.911599255046376 -32.62633411641873 -12.5
    vertex -4.052853253945386 -31.85641631375593 -9.06818746387248
  endloop
endfacet
facet normal 0.382683 -0.92388 0
  outer loop
    vertex 12.49999999999992 -24.99999999999999 -8.928571428571431
    vertex 12.49999999999992 -24.99999999999999 -5.357142857142858
    vertex 9.727221901925175 -26.14852229367366 -8.391672607066681
  endloop
endfacet
facet normal 0.382683 -0.92388 -7.68846e-16
  outer loop
    vertex -8.031791703262357 -33.50454658331083 -9.13130305644431
    vertex -5.70574743652059 -32.54106750134618 -5.557033344930019
    vertex -9.163418334832921 -33.97328168164995 -5.478864863974664
  endloop
endfacet
facet normal 0.382683 -0.92388 -8.13506e-17
  outer loop
    vertex 8.579884149479989 -26.62376515135913 -5.607175795649137
    vertex 12.49999999999992 -24.99999999999999 -5.357142857142858
    vertex 10.00894831426469 -26.03182739280391 -2.942931405812715
  endloop
endfacet
facet normal 0.382683 -0.92388 -1.00179e-15
  outer loop
    vertex 4.992402060474314 -28.10974888739588 -5.697504483230819
    vertex 6.756492063659872 -27.3790388828296 -8.963763738537629
    vertex 8.579884149479989 -26.62376515135913 -5.607175795649137
  endloop
endfacet
facet normal 0.382683 -0.92388 -7.73476e-16
  outer loop
    vertex 3.243735234488208 -28.83407040279126 -9.074963776081788
    vertex 6.756492063659872 -27.3790388828296 -8.963763738537629
    vertex 4.992402060474314 -28.10974888739588 -5.697504483230819
  endloop
endfacet
facet normal 0.382683 -0.92388 5.55055e-16
  outer loop
    vertex 1.421566236787919 -29.58883751457452 6.324000494911607
    vertex -0.3366152851509145 -30.31710014607538 3.622423530220985
    vertex 3.265713248786552 -28.82496681119485 3.271751342778053
  endloop
endfacet
facet normal 0.382683 -0.92388 1.67577e-16
  outer loop
    vertex 5.135360297981402 -28.05053364656749 -12.5
    vertex 6.756492063659872 -27.3790388828296 -8.963763738537629
    vertex 3.243735234488208 -28.83407040279126 -9.074963776081788
  endloop
endfacet
facet normal 0.382683 -0.92388 8.99807e-16
  outer loop
    vertex 6.798134020765678 -27.36179021943262 8.982950330317689
    vertex 5.089632589013286 -28.06947468379833 5.854840448264418
    vertex 8.494066772772749 -26.65931187267855 5.682856093661643
  endloop
endfacet
facet normal 0.382683 -0.92388 6.16871e-16
  outer loop
    vertex -5.911599255046376 -32.62633411641873 -12.5
    vertex -2.229279404037117 -31.10106729313499 -12.5
    vertex -4.052853253945386 -31.85641631375593 -9.06818746387248
  endloop
endfacet
facet normal 0.382683 -0.92388 5.14432e-16
  outer loop
    vertex 6.798134020765678 -27.36179021943262 8.982950330317689
    vertex 3.289463284686919 -28.81512922421807 9.094265913338264
    vertex 5.089632589013286 -28.06947468379833 5.854840448264418
  endloop
endfacet
facet normal 0.382683 -0.92388 0
  outer loop
    vertex -13.2762389570649 -35.67686776298623 -5.357142857142858
    vertex -13.2762389570649 -35.67686776298623 -8.928571428571431
    vertex -11.03655339675707 -34.74915962845552 -7.922033584083799
  endloop
endfacet
facet normal 0.382683 -0.92388 -1.86122e-16
  outer loop
    vertex 4.992402060474314 -28.10974888739588 -5.697504483230819
    vertex 8.579884149479989 -26.62376515135913 -5.607175795649137
    vertex 6.822368654669654 -27.35175190539045 -1.964624090557297
  endloop
endfacet
facet normal 0.382683 -0.92388 1.01263e-16
  outer loop
    vertex 6.798134020765678 -27.36179021943262 8.982950330317689
    vertex 5.135360297981402 -28.05053364656749 12.5
    vertex 3.289463284686919 -28.81512922421807 9.094265913338264
  endloop
endfacet
facet normal 0.382683 -0.92388 -1.80521e-16
  outer loop
    vertex 8.494066772772749 -26.65931187267855 5.682856093661643
    vertex 5.089632589013286 -28.06947468379833 5.854840448264418
    vertex 6.895330132370956 -27.32153027179579 2.425654681696578
  endloop
endfacet
facet normal 0.382683 -0.92388 -4.67089e-16
  outer loop
    vertex -5.911599255046376 -32.62633411641873 12.5
    vertex -7.752759180551006 -33.3889675280606 9.048270176344879
    vertex -4.031257139506431 -31.84747091026075 9.346022368960119
  endloop
endfacet
facet normal 0.382683 -0.92388 3.97938e-16
  outer loop
    vertex 12.49999999999992 -24.99999999999999 5.357142857142857
    vertex 8.494066772772749 -26.65931187267855 5.682856093661643
    vertex 9.952337004626388 -26.0552765650398 2.990538021288932
  endloop
endfacet
facet normal 0.382683 -0.92388 3.00807e-16
  outer loop
    vertex 4.992402060474314 -28.10974888739588 -5.697504483230819
    vertex 6.822368654669654 -27.35175190539045 -1.964624090557297
    vertex 3.122102235384242 -28.88445244065223 -2.43193173825683
  endloop
endfacet
facet normal 0.382683 -0.92388 -2.37706e-16
  outer loop
    vertex -0.3558266503548566 -30.32505775409455 -9.069087158302956
    vertex 3.243735234488208 -28.83407040279126 -9.074963776081788
    vertex 1.448782997120272 -29.577563963321 -5.715481326710425
  endloop
endfacet
facet normal 0.382683 -0.92388 7.64765e-16
  outer loop
    vertex -0.3558266503548566 -30.32505775409455 -9.069087158302956
    vertex 1.453040446972144 -29.57580046985124 -12.5
    vertex 3.243735234488208 -28.83407040279126 -9.074963776081788
  endloop
endfacet
facet normal 0.382683 -0.92388 -9.18721e-16
  outer loop
    vertex 8.817680148990663 -26.52526682328374 12.5
    vertex 5.135360297981402 -28.05053364656749 12.5
    vertex 6.798134020765678 -27.36179021943262 8.982950330317689
  endloop
endfacet
facet normal 0.382683 -0.92388 9.13736e-16
  outer loop
    vertex 5.135360297981402 -28.05053364656749 -12.5
    vertex 8.817680148990663 -26.52526682328374 -12.5
    vertex 6.756492063659872 -27.3790388828296 -8.963763738537629
  endloop
endfacet
facet normal 0.382683 -0.92388 -4.46821e-16
  outer loop
    vertex 1.448782997120272 -29.577563963321 -5.715481326710425
    vertex 3.243735234488208 -28.83407040279126 -9.074963776081788
    vertex 4.992402060474314 -28.10974888739588 -5.697504483230819
  endloop
endfacet
facet normal 0.382683 -0.92388 7.42401e-16
  outer loop
    vertex 1.448782997120272 -29.577563963321 -5.715481326710425
    vertex 4.992402060474314 -28.10974888739588 -5.697504483230819
    vertex 3.122102235384242 -28.88445244065223 -2.43193173825683
  endloop
endfacet
facet normal 0.382683 -0.92388 3.30752e-17
  outer loop
    vertex -9.593919106055637 -34.15160093970248 -12.5
    vertex -5.911599255046376 -32.62633411641873 -12.5
    vertex -8.031791703262357 -33.50454658331083 -9.13130305644431
  endloop
endfacet
facet normal 0.382683 -0.92388 0
  outer loop
    vertex -5.911599255046376 -32.62633411641873 12.5
    vertex -9.593919106055637 -34.15160093970248 12.5
    vertex -7.752759180551006 -33.3889675280606 9.048270176344879
  endloop
endfacet
facet normal 0.382683 -0.92388 4.54655e-16
  outer loop
    vertex -2.229279404037117 -31.10106729313499 -12.5
    vertex 1.453040446972144 -29.57580046985124 -12.5
    vertex -0.3558266503548566 -30.32505775409455 -9.069087158302956
  endloop
endfacet
facet normal 0.382683 -0.92388 2.63499e-16
  outer loop
    vertex -3.842963316387667 -31.76947705501387 -2.301196189911479
    vertex -5.429898965878355 -32.42680732364629 1.118408195404253
    vertex -7.654686603341525 -33.34834453648355 -1.936918095672576
  endloop
endfacet
facet normal 0.382683 -0.92388 -1.98353e-16
  outer loop
    vertex -4.052853253945386 -31.85641631375593 -9.06818746387248
    vertex -2.119891801789857 -31.05575746472869 -5.665780753505572
    vertex -5.70574743652059 -32.54106750134618 -5.557033344930019
  endloop
endfacet
facet normal 0.382683 -0.92388 4.85129e-16
  outer loop
    vertex -2.229279404037117 -31.10106729313499 -12.5
    vertex -0.3558266503548566 -30.32505775409455 -9.069087158302956
    vertex -4.052853253945386 -31.85641631375593 -9.06818746387248
  endloop
endfacet
facet normal 0.382683 -0.92388 1.87149e-16
  outer loop
    vertex -0.3558266503548566 -30.32505775409455 -9.069087158302956
    vertex 1.448782997120272 -29.577563963321 -5.715481326710425
    vertex -2.119891801789857 -31.05575746472869 -5.665780753505572
  endloop
endfacet
facet normal 0.382683 -0.92388 -8.38312e-16
  outer loop
    vertex 3.289463284686919 -28.81512922421807 9.094265913338264
    vertex -0.3298376274909263 -30.31429274835149 9.228827531344242
    vertex 1.421566236787919 -29.58883751457452 6.324000494911607
  endloop
endfacet
facet normal 0.382683 -0.92388 4.55436e-16
  outer loop
    vertex 1.453040446972144 -29.57580046985124 -12.5
    vertex 5.135360297981402 -28.05053364656749 -12.5
    vertex 3.243735234488208 -28.83407040279126 -9.074963776081788
  endloop
endfacet
facet normal 0.382683 -0.92388 -4.58542e-16
  outer loop
    vertex 1.453040446972144 -29.57580046985124 12.5
    vertex -0.3298376274909263 -30.31429274835149 9.228827531344242
    vertex 3.289463284686919 -28.81512922421807 9.094265913338264
  endloop
endfacet
facet normal 0.382683 -0.92388 -2.76161e-16
  outer loop
    vertex -0.3298376274909263 -30.31429274835149 9.228827531344242
    vertex -2.229279404037117 -31.10106729313499 12.5
    vertex -4.031257139506431 -31.84747091026075 9.346022368960119
  endloop
endfacet
facet normal 0.382683 -0.92388 3.27155e-17
  outer loop
    vertex 5.135360297981402 -28.05053364656749 12.5
    vertex 1.453040446972144 -29.57580046985124 12.5
    vertex 3.289463284686919 -28.81512922421807 9.094265913338264
  endloop
endfacet
facet normal 0.382683 -0.92388 -3.34536e-16
  outer loop
    vertex 5.089632589013286 -28.06947468379833 5.854840448264418
    vertex 3.289463284686919 -28.81512922421807 9.094265913338264
    vertex 1.421566236787919 -29.58883751457452 6.324000494911607
  endloop
endfacet
facet normal 0.382683 -0.92388 -3.53269e-16
  outer loop
    vertex -2.229279404037117 -31.10106729313499 12.5
    vertex -5.911599255046376 -32.62633411641873 12.5
    vertex -4.031257139506431 -31.84747091026075 9.346022368960119
  endloop
endfacet
facet normal 0.382683 -0.92388 -3.3726e-16
  outer loop
    vertex -3.842963316387667 -31.76947705501387 -2.301196189911479
    vertex -2.133508694290159 -31.0613977662797 0.9144673622795931
    vertex -5.429898965878355 -32.42680732364629 1.118408195404253
  endloop
endfacet
facet normal 0.382683 -0.92388 8.69825e-17
  outer loop
    vertex -2.119891801789857 -31.05575746472869 -5.665780753505572
    vertex -0.3033280267873035 -30.30331211220695 -2.36923267418609
    vertex -3.842963316387667 -31.76947705501387 -2.301196189911479
  endloop
endfacet
facet normal 0.382683 -0.92388 1.09499e-15
  outer loop
    vertex -5.70574743652059 -32.54106750134618 -5.557033344930019
    vertex -7.654686603341525 -33.34834453648355 -1.936918095672576
    vertex -9.163418334832921 -33.97328168164995 -5.478864863974664
  endloop
endfacet
facet normal 0.382683 -0.92388 5.52687e-16
  outer loop
    vertex -2.119891801789857 -31.05575746472869 -5.665780753505572
    vertex -3.842963316387667 -31.76947705501387 -2.301196189911479
    vertex -5.70574743652059 -32.54106750134618 -5.557033344930019
  endloop
endfacet
facet normal 0.382683 -0.92388 -2.29625e-16
  outer loop
    vertex -2.133508694290159 -31.0613977662797 0.9144673622795931
    vertex -0.3033280267873035 -30.30331211220695 -2.36923267418609
    vertex 1.285718142686875 -29.64510763757371 0.63735777691819
  endloop
endfacet
facet normal 0.382683 -0.92388 0
  outer loop
    vertex 1.285718142686875 -29.64510763757371 0.63735777691819
    vertex -0.3033280267873035 -30.30331211220695 -2.36923267418609
    vertex 3.122102235384242 -28.88445244065223 -2.43193173825683
  endloop
endfacet
facet normal 0.382683 -0.92388 1.03829e-16
  outer loop
    vertex -2.119891801789857 -31.05575746472869 -5.665780753505572
    vertex 1.448782997120272 -29.577563963321 -5.715481326710425
    vertex -0.3033280267873035 -30.30331211220695 -2.36923267418609
  endloop
endfacet
facet normal 0.382683 -0.92388 -1.15159e-15
  outer loop
    vertex -5.429898965878355 -32.42680732364629 1.118408195404253
    vertex -3.932262125528673 -31.80646583286385 3.964433744506501
    vertex -7.451954303830142 -33.26437006849486 4.769433319016143
  endloop
endfacet
facet normal 0.382683 -0.92388 -2.7249e-16
  outer loop
    vertex 1.453040446972144 -29.57580046985124 12.5
    vertex -2.229279404037117 -31.10106729313499 12.5
    vertex -0.3298376274909263 -30.31429274835149 9.228827531344242
  endloop
endfacet
facet normal 0.382683 -0.92388 8.46341e-16
  outer loop
    vertex -3.842963316387667 -31.76947705501387 -2.301196189911479
    vertex -7.654686603341525 -33.34834453648355 -1.936918095672576
    vertex -5.70574743652059 -32.54106750134618 -5.557033344930019
  endloop
endfacet
facet normal 0.382683 -0.92388 2.60902e-16
  outer loop
    vertex -0.3558266503548566 -30.32505775409455 -9.069087158302956
    vertex -2.119891801789857 -31.05575746472869 -5.665780753505572
    vertex -4.052853253945386 -31.85641631375593 -9.06818746387248
  endloop
endfacet
facet normal 0.382683 -0.92388 -8.20671e-16
  outer loop
    vertex -3.842963316387667 -31.76947705501387 -2.301196189911479
    vertex -0.3033280267873035 -30.30331211220695 -2.36923267418609
    vertex -2.133508694290159 -31.0613977662797 0.9144673622795931
  endloop
endfacet
facet normal 0.382683 -0.92388 0
  outer loop
    vertex 12.49999999999992 -24.99999999999999 -1.785714285714286
    vertex 12.49999999999992 -24.99999999999999 1.785714285714285
    vertex 9.642488767173978 -26.18361990726999 0
  endloop
endfacet
facet normal 0.382683 -0.92388 9.12962e-16
  outer loop
    vertex 6.756492063659872 -27.3790388828296 -8.963763738537629
    vertex 8.817680148990663 -26.52526682328374 -12.5
    vertex 9.727221901925175 -26.14852229367366 -8.391672607066681
  endloop
endfacet
facet normal 0.382683 -0.92388 5.42108e-16
  outer loop
    vertex -0.3033280267873035 -30.30331211220695 -2.36923267418609
    vertex 1.448782997120272 -29.577563963321 -5.715481326710425
    vertex 3.122102235384242 -28.88445244065223 -2.43193173825683
  endloop
endfacet
facet normal 0.382683 -0.92388 -1.69416e-16
  outer loop
    vertex -5.429898965878355 -32.42680732364629 1.118408195404253
    vertex -2.133508694290159 -31.0613977662797 0.9144673622795931
    vertex -3.932262125528673 -31.80646583286385 3.964433744506501
  endloop
endfacet
facet normal 0.382683 -0.92388 -9.30281e-17
  outer loop
    vertex -10.5509347584491 -34.54800980232719 -0.002629441373537489
    vertex -7.654686603341525 -33.34834453648355 -1.936918095672576
    vertex -8.285979157390035 -33.6098344741956 1.530247019230012
  endloop
endfacet
facet normal 0.382683 -0.92388 6.05434e-16
  outer loop
    vertex -8.031791703262357 -33.50454658331083 -9.13130305644431
    vertex -11.03655339675707 -34.74915962845552 -7.922033584083799
    vertex -11.29217429121067 -34.85504126976414 -10.52554515289147
  endloop
endfacet
facet normal 0.382683 -0.92388 0
  outer loop
    vertex -13.2762389570649 -35.67686776298623 1.785714285714285
    vertex -13.2762389570649 -35.67686776298623 -1.785714285714286
    vertex -10.5509347584491 -34.54800980232719 -0.002629441373537489
  endloop
endfacet
facet normal 0.382683 -0.92388 -7.52635e-16
  outer loop
    vertex 8.817680148990663 -26.52526682328374 12.5
    vertex 6.798134020765678 -27.36179021943262 8.982950330317689
    vertex 9.728966889860269 -26.14779949600477 8.486010223259377
  endloop
endfacet
facet normal 0.382683 -0.92388 -5.23127e-16
  outer loop
    vertex 9.642488767173978 -26.18361990726999 0
    vertex 6.822368654669654 -27.35175190539045 -1.964624090557297
    vertex 10.00894831426469 -26.03182739280391 -2.942931405812715
  endloop
endfacet
facet normal 0.382683 -0.92388 -9.78504e-16
  outer loop
    vertex -9.593919106055637 -34.15160093970248 -12.5
    vertex -8.031791703262357 -33.50454658331083 -9.13130305644431
    vertex -11.29217429121067 -34.85504126976414 -10.52554515289147
  endloop
endfacet
facet normal 0.382683 -0.92388 2.7727e-16
  outer loop
    vertex -7.654686603341525 -33.34834453648355 -1.936918095672576
    vertex -10.5509347584491 -34.54800980232719 -0.002629441373537489
    vertex -10.78430352215067 -34.64467430928663 -2.912253908775586
  endloop
endfacet
facet normal 0.382683 -0.92388 0
  outer loop
    vertex -13.2762389570649 -35.67686776298623 5.357142857142857
    vertex -13.2762389570649 -35.67686776298623 1.785714285714285
    vertex -10.5173002678894 -34.53407794017386 3.483782507123975
  endloop
endfacet
facet normal 0.382683 -0.92388 -1.07273e-15
  outer loop
    vertex -13.2762389570649 -35.67686776298623 1.785714285714285
    vertex -10.5509347584491 -34.54800980232719 -0.002629441373537489
    vertex -10.5173002678894 -34.53407794017386 3.483782507123975
  endloop
endfacet
facet normal 0.382683 -0.92388 0
  outer loop
    vertex -13.2762389570649 -35.67686776298623 8.928571428571429
    vertex -13.2762389570649 -35.67686776298623 5.357142857142857
    vertex -10.50586002495326 -34.52933923639287 6.988525271335359
  endloop
endfacet
facet normal 0.382683 -0.92388 1.22038e-16
  outer loop
    vertex 3.122102235384242 -28.88445244065223 -2.43193173825683
    vertex 6.822368654669654 -27.35175190539045 -1.964624090557297
    vertex 4.385437676942447 -28.36116176693221 0.453311675257801
  endloop
endfacet
facet normal 0.382683 -0.92388 -2.63031e-16
  outer loop
    vertex 6.895330132370956 -27.32153027179579 2.425654681696578
    vertex 5.089632589013286 -28.06947468379833 5.854840448264418
    vertex 3.265713248786552 -28.82496681119485 3.271751342778053
  endloop
endfacet
facet normal 0.382683 -0.92388 -5.50388e-16
  outer loop
    vertex -13.2762389570649 -35.67686776298623 5.357142857142857
    vertex -10.5173002678894 -34.53407794017386 3.483782507123975
    vertex -10.50586002495326 -34.52933923639287 6.988525271335359
  endloop
endfacet
facet normal 0.382683 -0.92388 -1.06374e-17
  outer loop
    vertex -7.654686603341525 -33.34834453648355 -1.936918095672576
    vertex -5.429898965878355 -32.42680732364629 1.118408195404253
    vertex -8.285979157390035 -33.6098344741956 1.530247019230012
  endloop
endfacet
facet normal 0.382683 -0.92388 -5.90813e-16
  outer loop
    vertex -3.932262125528673 -31.80646583286385 3.964433744506501
    vertex -2.185887606347809 -31.08309382203632 6.564419457909864
    vertex -5.309708535737101 -32.37702281741433 6.784885317395568
  endloop
endfacet
facet normal 0.382683 -0.92388 -8.41002e-17
  outer loop
    vertex -2.133508694290159 -31.0613977662797 0.9144673622795931
    vertex 1.285718142686875 -29.64510763757371 0.63735777691819
    vertex -0.3366152851509145 -30.31710014607538 3.622423530220985
  endloop
endfacet
facet normal 0.382683 -0.92388 0
  outer loop
    vertex 12.49999999999992 -24.99999999999999 -5.357142857142858
    vertex 12.49999999999992 -24.99999999999999 -1.785714285714286
    vertex 10.00894831426469 -26.03182739280391 -2.942931405812715
  endloop
endfacet
facet normal 0.382683 -0.92388 0
  outer loop
    vertex 12.49999999999992 -24.99999999999999 1.785714285714285
    vertex 12.49999999999992 -24.99999999999999 5.357142857142857
    vertex 9.952337004626388 -26.0552765650398 2.990538021288932
  endloop
endfacet
facet normal 0.382683 -0.92388 1.34437e-15
  outer loop
    vertex -9.163418334832921 -33.97328168164995 -5.478864863974664
    vertex -7.654686603341525 -33.34834453648355 -1.936918095672576
    vertex -10.78430352215067 -34.64467430928663 -2.912253908775586
  endloop
endfacet
facet normal 0.382683 -0.92388 0
  outer loop
    vertex -13.2762389570649 -35.67686776298623 -1.785714285714286
    vertex -13.2762389570649 -35.67686776298623 -5.357142857142858
    vertex -10.78430352215067 -34.64467430928663 -2.912253908775586
  endloop
endfacet
facet normal 0.382683 -0.92388 3.96296e-16
  outer loop
    vertex -2.185887606347809 -31.08309382203632 6.564419457909864
    vertex -4.031257139506431 -31.84747091026075 9.346022368960119
    vertex -5.309708535737101 -32.37702281741433 6.784885317395568
  endloop
endfacet
facet normal 0.382683 -0.92388 3.66037e-16
  outer loop
    vertex 6.895330132370956 -27.32153027179579 2.425654681696578
    vertex 9.642488767173978 -26.18361990726999 0
    vertex 9.952337004626388 -26.0552765650398 2.990538021288932
  endloop
endfacet
facet normal 0.382683 -0.92388 -4.14937e-17
  outer loop
    vertex 6.822368654669654 -27.35175190539045 -1.964624090557297
    vertex 8.579884149479989 -26.62376515135913 -5.607175795649137
    vertex 10.00894831426469 -26.03182739280391 -2.942931405812715
  endloop
endfacet
facet normal 0.382683 -0.92388 1.22224e-15
  outer loop
    vertex -9.593919106055637 -34.15160093970248 12.5
    vertex -13.2762389570649 -35.67686776298623 12.5
    vertex -10.88100324513794 -34.68472864602568 9.993073375250333
  endloop
endfacet
facet normal 0.382683 -0.92388 -7.75049e-16
  outer loop
    vertex 1.421566236787919 -29.58883751457452 6.324000494911607
    vertex -0.3298376274909263 -30.31429274835149 9.228827531344242
    vertex -2.185887606347809 -31.08309382203632 6.564419457909864
  endloop
endfacet
facet normal 0.382683 -0.92388 0
  outer loop
    vertex -13.2762389570649 -35.67686776298623 12.5
    vertex -13.2762389570649 -35.67686776298623 8.928571428571429
    vertex -10.88100324513794 -34.68472864602568 9.993073375250333
  endloop
endfacet
facet normal 0.382683 -0.92388 -3.536e-16
  outer loop
    vertex 4.385437676942447 -28.36116176693221 0.453311675257801
    vertex 6.895330132370956 -27.32153027179579 2.425654681696578
    vertex 3.265713248786552 -28.82496681119485 3.271751342778053
  endloop
endfacet
facet normal 0.382683 -0.92388 0
  outer loop
    vertex 8.494066772772749 -26.65931187267855 5.682856093661643
    vertex 6.895330132370956 -27.32153027179579 2.425654681696578
    vertex 9.952337004626388 -26.0552765650398 2.990538021288932
  endloop
endfacet
facet normal 0.382683 -0.92388 -1.18505e-15
  outer loop
    vertex -13.2762389570649 -35.67686776298623 -12.5
    vertex -9.593919106055637 -34.15160093970248 -12.5
    vertex -11.29217429121067 -34.85504126976414 -10.52554515289147
  endloop
endfacet
facet normal 0.382683 -0.92388 -2.23565e-16
  outer loop
    vertex 1.285718142686875 -29.64510763757371 0.63735777691819
    vertex 3.122102235384242 -28.88445244065223 -2.43193173825683
    vertex 4.385437676942447 -28.36116176693221 0.453311675257801
  endloop
endfacet
facet normal 0.382683 -0.92388 -9.60978e-16
  outer loop
    vertex -8.031791703262357 -33.50454658331083 -9.13130305644431
    vertex -9.163418334832921 -33.97328168164995 -5.478864863974664
    vertex -11.03655339675707 -34.74915962845552 -7.922033584083799
  endloop
endfacet
facet normal 0.382683 -0.92388 -4.5953e-16
  outer loop
    vertex 8.579884149479989 -26.62376515135913 -5.607175795649137
    vertex 6.756492063659872 -27.3790388828296 -8.963763738537629
    vertex 9.727221901925175 -26.14852229367366 -8.391672607066681
  endloop
endfacet
facet normal 0.382683 -0.92388 1.13234e-15
  outer loop
    vertex -7.752759180551006 -33.3889675280606 9.048270176344879
    vertex -9.593919106055637 -34.15160093970248 12.5
    vertex -10.88100324513794 -34.68472864602568 9.993073375250333
  endloop
endfacet
facet normal 0.382683 -0.92388 1.85875e-16
  outer loop
    vertex 6.798134020765678 -27.36179021943262 8.982950330317689
    vertex 8.494066772772749 -26.65931187267855 5.682856093661643
    vertex 9.728966889860269 -26.14779949600477 8.486010223259377
  endloop
endfacet
facet normal 0.382683 -0.92388 -7.90953e-16
  outer loop
    vertex -7.451954303830142 -33.26437006849486 4.769433319016143
    vertex -3.932262125528673 -31.80646583286385 3.964433744506501
    vertex -5.309708535737101 -32.37702281741433 6.784885317395568
  endloop
endfacet
facet normal 0.382683 -0.92388 -4.23243e-16
  outer loop
    vertex 12.49999999999992 -24.99999999999999 -1.785714285714286
    vertex 9.642488767173978 -26.18361990726999 0
    vertex 10.00894831426469 -26.03182739280391 -2.942931405812715
  endloop
endfacet
facet normal 0.382683 -0.92388 2.37428e-16
  outer loop
    vertex 9.642488767173978 -26.18361990726999 0
    vertex 12.49999999999992 -24.99999999999999 1.785714285714285
    vertex 9.952337004626388 -26.0552765650398 2.990538021288932
  endloop
endfacet
facet normal 0.382683 -0.92388 -4.47749e-16
  outer loop
    vertex -0.3298376274909263 -30.31429274835149 9.228827531344242
    vertex -4.031257139506431 -31.84747091026075 9.346022368960119
    vertex -2.185887606347809 -31.08309382203632 6.564419457909864
  endloop
endfacet
facet normal 0.382683 -0.92388 7.94306e-17
  outer loop
    vertex 5.089632589013286 -28.06947468379833 5.854840448264418
    vertex 1.421566236787919 -29.58883751457452 6.324000494911607
    vertex 3.265713248786552 -28.82496681119485 3.271751342778053
  endloop
endfacet
facet normal 0.382683 -0.92388 1.07608e-15
  outer loop
    vertex -4.031257139506431 -31.84747091026075 9.346022368960119
    vertex -7.752759180551006 -33.3889675280606 9.048270176344879
    vertex -5.309708535737101 -32.37702281741433 6.784885317395568
  endloop
endfacet
facet normal 0.382683 -0.92388 4.84183e-16
  outer loop
    vertex -0.3366152851509145 -30.31710014607538 3.622423530220985
    vertex 1.421566236787919 -29.58883751457452 6.324000494911607
    vertex -2.185887606347809 -31.08309382203632 6.564419457909864
  endloop
endfacet
facet normal 0.382683 -0.92388 5.15264e-16
  outer loop
    vertex -3.932262125528673 -31.80646583286385 3.964433744506501
    vertex -2.133508694290159 -31.0613977662797 0.9144673622795931
    vertex -0.3366152851509145 -30.31710014607538 3.622423530220985
  endloop
endfacet
facet normal 0.382683 -0.92388 2.32077e-16
  outer loop
    vertex -10.5509347584491 -34.54800980232719 -0.002629441373537489
    vertex -13.2762389570649 -35.67686776298623 -1.785714285714286
    vertex -10.78430352215067 -34.64467430928663 -2.912253908775586
  endloop
endfacet
facet normal 0.382683 -0.92388 -1.41111e-15
  outer loop
    vertex -5.429898965878355 -32.42680732364629 1.118408195404253
    vertex -7.451954303830142 -33.26437006849486 4.769433319016143
    vertex -8.285979157390035 -33.6098344741956 1.530247019230012
  endloop
endfacet
facet normal 0.382683 -0.92388 -1.07294e-15
  outer loop
    vertex -10.5173002678894 -34.53407794017386 3.483782507123975
    vertex -10.5509347584491 -34.54800980232719 -0.002629441373537489
    vertex -8.285979157390035 -33.6098344741956 1.530247019230012
  endloop
endfacet
facet normal 0.382683 -0.92388 6.63431e-16
  outer loop
    vertex -10.50586002495326 -34.52933923639287 6.988525271335359
    vertex -7.752759180551006 -33.3889675280606 9.048270176344879
    vertex -10.88100324513794 -34.68472864602568 9.993073375250333
  endloop
endfacet
facet normal 0.382683 -0.92388 -1.43603e-15
  outer loop
    vertex -7.451954303830142 -33.26437006849486 4.769433319016143
    vertex -10.5173002678894 -34.53407794017386 3.483782507123975
    vertex -8.285979157390035 -33.6098344741956 1.530247019230012
  endloop
endfacet
facet normal 0.382683 -0.92388 0
  outer loop
    vertex -13.2762389570649 -35.67686776298623 -8.928571428571431
    vertex -13.2762389570649 -35.67686776298623 -12.5
    vertex -11.29217429121067 -34.85504126976414 -10.52554515289147
  endloop
endfacet
facet normal 0.382683 -0.92388 4.86123e-16
  outer loop
    vertex -13.2762389570649 -35.67686776298623 8.928571428571429
    vertex -10.50586002495326 -34.52933923639287 6.988525271335359
    vertex -10.88100324513794 -34.68472864602568 9.993073375250333
  endloop
endfacet
facet normal 0.382683 -0.92388 -3.36682e-16
  outer loop
    vertex 1.285718142686875 -29.64510763757371 0.63735777691819
    vertex 4.385437676942447 -28.36116176693221 0.453311675257801
    vertex 3.265713248786552 -28.82496681119485 3.271751342778053
  endloop
endfacet
facet normal 0.382683 -0.92388 1.65007e-16
  outer loop
    vertex -3.932262125528673 -31.80646583286385 3.964433744506501
    vertex -0.3366152851509145 -30.31710014607538 3.622423530220985
    vertex -2.185887606347809 -31.08309382203632 6.564419457909864
  endloop
endfacet
facet normal 0.382683 -0.92388 6.5329e-16
  outer loop
    vertex -11.03655339675707 -34.74915962845552 -7.922033584083799
    vertex -13.2762389570649 -35.67686776298623 -8.928571428571431
    vertex -11.29217429121067 -34.85504126976414 -10.52554515289147
  endloop
endfacet
facet normal 0.382683 -0.92388 0
  outer loop
    vertex 12.49999999999992 -24.99999999999999 -12.5
    vertex 12.49999999999992 -24.99999999999999 -8.928571428571431
    vertex 9.727221901925175 -26.14852229367366 -8.391672607066681
  endloop
endfacet
facet normal 1 -3.48166e-15 -1.97337e-16
  outer loop
    vertex 12.49999999999999 -3.571428571428562 12.5
    vertex 12.49999999999998 -7.142857142857135 12.5
    vertex 12.49999999999998 -5.935425427761711 9.200294984621426
  endloop
endfacet
facet normal 1 -3.74202e-15 -1.08072e-17
  outer loop
    vertex 12.49999999999999 -3.571428571428562 12.5
    vertex 12.49999999999998 -5.935425427761711 9.200294984621426
    vertex 12.49999999999999 -2.61446716988884 9.885532830111151
  endloop
endfacet
facet normal 1 -3.48166e-15 -2.08467e-16
  outer loop
    vertex 12.49999999999994 -17.85714285714285 12.5
    vertex 12.49999999999993 -21.42857142857142 12.5
    vertex 12.49999999999994 -19.19036048129378 9.203259184998219
  endloop
endfacet
facet normal 1 -3.51912e-15 8.65297e-17
  outer loop
    vertex 12.49999999999994 -18.81410425868258 -1.785714285714286
    vertex 12.49999999999993 -21.88886113574857 -3.661251403945052
    vertex 12.49999999999994 -18.90602669061679 -5.524152033476998
  endloop
endfacet
facet normal 1 -3.35852e-15 5.70405e-17
  outer loop
    vertex 12.49999999999996 -12.56126552197059 9.298714768960032
    vertex 12.49999999999995 -15.77212507583879 7.096942564492299
    vertex 12.49999999999996 -12.62820851736515 5.357142857142847
  endloop
endfacet
facet normal 1 -3.36302e-15 -1.27918e-16
  outer loop
    vertex 12.49999999999994 -19.19036048129378 9.203259184998219
    vertex 12.49999999999993 -21.42857142857142 12.5
    vertex 12.49999999999993 -22.38553283011115 9.885532830111153
  endloop
endfacet
facet normal 1 -3.33079e-15 -8.18747e-17
  outer loop
    vertex 12.49999999999996 -12.54556751732082 -9.336430309263406
    vertex 12.49999999999996 -12.63852782709871 -5.554662129006701
    vertex 12.49999999999995 -15.7928028688098 -7.410149947295931
  endloop
endfacet
facet normal 1 -3.48166e-15 -2.819e-16
  outer loop
    vertex 12.49999999999998 -7.142857142857135 -12.5
    vertex 12.49999999999999 -3.571428571428562 -12.5
    vertex 12.49999999999998 -5.877358193060374 -9.225665134337081
  endloop
endfacet
facet normal 1 -3.48007e-15 5.9105e-17
  outer loop
    vertex 12.49999999999997 -9.535260646706449 7.142857142857135
    vertex 12.49999999999996 -12.56126552197059 9.298714768960032
    vertex 12.49999999999996 -12.62820851736515 5.357142857142847
  endloop
endfacet
facet normal 1 -3.47825e-15 -8.54994e-17
  outer loop
    vertex 12.49999999999996 -12.63852782709871 -5.554662129006701
    vertex 12.49999999999996 -12.54556751732082 -9.336430309263406
    vertex 12.49999999999997 -9.535260646706442 -7.142857142857157
  endloop
endfacet
facet normal 1 -3.4188e-15 5.8101e-17
  outer loop
    vertex 12.49999999999996 -12.66593916755594 -1.851065688847342
    vertex 12.49999999999995 -15.75292222600163 -0.05502004532250204
    vertex 12.49999999999995 -15.81702239076957 -3.826829354531572
  endloop
endfacet
facet normal 1 -3.4976e-15 8.60007e-17
  outer loop
    vertex 12.49999999999995 -15.81702239076957 -3.826829354531572
    vertex 12.49999999999994 -18.81410425868258 -1.785714285714286
    vertex 12.49999999999994 -18.90602669061679 -5.524152033476998
  endloop
endfacet
facet normal 1 -3.34438e-15 9.65435e-17
  outer loop
    vertex 12.49999999999998 -6.297923169292719 -5.394979050224592
    vertex 12.49999999999997 -9.535260646706442 -7.142857142857157
    vertex 12.49999999999998 -5.877358193060374 -9.225665134337081
  endloop
endfacet
facet normal 1 -3.31241e-15 -1.58685e-17
  outer loop
    vertex 12.49999999999998 -6.387359373237054 -1.831425210817244
    vertex 12.49999999999999 -3.178495289240892 -1.77635683940025e-15
    vertex 12.49999999999998 -6.404637932724594 1.775327632513008
  endloop
endfacet
facet normal 1 -3.48393e-15 4.18243e-16
  outer loop
    vertex 12.49999999999998 -6.399842741800573 5.3317381225754
    vertex 12.49999999999999 -3.139773729862657 7.00473166216138
    vertex 12.49999999999998 -5.935425427761711 9.200294984621426
  endloop
endfacet
facet normal 1 -3.3549e-15 -8.41995e-17
  outer loop
    vertex 12.49999999999998 -6.387359373237054 -1.831425210817244
    vertex 12.49999999999997 -9.519359946373903 -3.619945279107259
    vertex 12.49999999999998 -6.297923169292719 -5.394979050224592
  endloop
endfacet
facet normal 1 -2.72299e-15 0
  outer loop
    vertex 12.5 5.51091059616309e-15 1.785714285714285
    vertex 12.5 5.51091059616309e-15 5.357142857142857
    vertex 12.49999999999999 -3.261781948899035 3.556639722069345
  endloop
endfacet
facet normal 1 -2.73755e-15 0
  outer loop
    vertex 12.5 5.51091059616309e-15 -5.357142857142858
    vertex 12.5 5.51091059616309e-15 -1.785714285714286
    vertex 12.49999999999999 -3.244431095985338 -3.587372667635858
  endloop
endfacet
facet normal 1 -3.51549e-15 5.97441e-17
  outer loop
    vertex 12.49999999999995 -15.75292222600163 -0.05502004532250204
    vertex 12.49999999999994 -18.81410425868258 -1.785714285714286
    vertex 12.49999999999995 -15.81702239076957 -3.826829354531572
  endloop
endfacet
facet normal 1 -3.36675e-15 -2.49182e-17
  outer loop
    vertex 12.49999999999996 -12.63852782709871 -5.554662129006701
    vertex 12.49999999999996 -12.66593916755594 -1.851065688847342
    vertex 12.49999999999995 -15.81702239076957 -3.826829354531572
  endloop
endfacet
facet normal 1 -3.56154e-15 1.86086e-17
  outer loop
    vertex 12.49999999999993 -21.88886113574857 -3.661251403945052
    vertex 12.49999999999993 -21.90705212934128 -7.142857142857142
    vertex 12.49999999999994 -18.90602669061679 -5.524152033476998
  endloop
endfacet
facet normal 1 -3.53214e-15 -1.79329e-16
  outer loop
    vertex 12.49999999999995 -15.7928028688098 -7.410149947295931
    vertex 12.49999999999994 -18.90602669061679 -5.524152033476998
    vertex 12.49999999999994 -19.21631736034895 -9.31811006651802
  endloop
endfacet
facet normal 1 -3.29721e-15 -1.52004e-16
  outer loop
    vertex 12.49999999999998 -5.877358193060374 -9.225665134337081
    vertex 12.49999999999999 -3.571428571428562 -12.5
    vertex 12.49999999999999 -2.614467169888847 -9.885532830111146
  endloop
endfacet
facet normal 1 -3.3003e-15 1.48959e-17
  outer loop
    vertex 12.49999999999997 -9.519359946373903 -3.619945279107259
    vertex 12.49999999999997 -9.535260646706442 -7.142857142857157
    vertex 12.49999999999998 -6.297923169292719 -5.394979050224592
  endloop
endfacet
facet normal 1 -3.35668e-15 6.16957e-17
  outer loop
    vertex 12.49999999999999 -3.178495289240892 -1.77635683940025e-15
    vertex 12.49999999999998 -6.387359373237054 -1.831425210817244
    vertex 12.49999999999999 -3.244431095985338 -3.587372667635858
  endloop
endfacet
facet normal 1 -3.32976e-15 1.17821e-16
  outer loop
    vertex 12.49999999999999 -3.139773729862657 7.00473166216138
    vertex 12.49999999999998 -6.399842741800573 5.3317381225754
    vertex 12.49999999999999 -3.261781948899035 3.556639722069345
  endloop
endfacet
facet normal 1 -3.34681e-15 -7.8373e-17
  outer loop
    vertex 12.49999999999998 -6.404637932724594 1.775327632513008
    vertex 12.49999999999999 -3.178495289240892 -1.77635683940025e-15
    vertex 12.49999999999999 -3.261781948899035 3.556639722069345
  endloop
endfacet
facet normal 1 -3.43938e-15 -8.63197e-17
  outer loop
    vertex 12.49999999999999 -3.244431095985338 -3.587372667635858
    vertex 12.49999999999998 -6.387359373237054 -1.831425210817244
    vertex 12.49999999999998 -6.297923169292719 -5.394979050224592
  endloop
endfacet
facet normal 1 -2.75805e-15 -6.45859e-17
  outer loop
    vertex 12.49999999999999 -3.178495289240892 -1.77635683940025e-15
    vertex 12.5 5.51091059616309e-15 1.785714285714285
    vertex 12.49999999999999 -3.261781948899035 3.556639722069345
  endloop
endfacet
facet normal 1 -2.77723e-15 9.82703e-17
  outer loop
    vertex 12.5 5.51091059616309e-15 5.357142857142857
    vertex 12.49999999999999 -3.139773729862657 7.00473166216138
    vertex 12.49999999999999 -3.261781948899035 3.556639722069345
  endloop
endfacet
facet normal 1 -2.76578e-15 5.08349e-17
  outer loop
    vertex 12.5 5.51091059616309e-15 -1.785714285714286
    vertex 12.49999999999999 -3.178495289240892 -1.77635683940025e-15
    vertex 12.49999999999999 -3.244431095985338 -3.587372667635858
  endloop
endfacet
facet normal 1 -2.82304e-15 -1.56725e-16
  outer loop
    vertex 12.49999999999999 -3.050999222677476 -7.071592666809845
    vertex 12.5 5.51091059616309e-15 -5.357142857142858
    vertex 12.49999999999999 -3.244431095985338 -3.587372667635858
  endloop
endfacet
facet normal 1 -3.48166e-15 1.87589e-16
  outer loop
    vertex 12.49999999999993 -21.42857142857142 -12.5
    vertex 12.49999999999994 -17.85714285714285 -12.5
    vertex 12.49999999999994 -19.21631736034895 -9.31811006651802
  endloop
endfacet
facet normal 1 -3.36557e-15 -2.27478e-17
  outer loop
    vertex 12.49999999999995 -15.7928028688098 -7.410149947295931
    vertex 12.49999999999996 -12.63852782709871 -5.554662129006701
    vertex 12.49999999999995 -15.81702239076957 -3.826829354531572
  endloop
endfacet
facet normal 1 -3.75843e-15 6.87208e-17
  outer loop
    vertex 12.49999999999998 -5.935425427761711 9.200294984621426
    vertex 12.49999999999999 -3.139773729862657 7.00473166216138
    vertex 12.49999999999999 -2.61446716988884 9.885532830111151
  endloop
endfacet
facet normal 1 -3.52387e-15 2.98169e-16
  outer loop
    vertex 12.49999999999995 -15.77212507583879 7.096942564492299
    vertex 12.49999999999996 -12.56126552197059 9.298714768960032
    vertex 12.49999999999995 -16.02109805866015 10.1120377525426
  endloop
endfacet
facet normal 1 -3.39382e-15 4.57597e-18
  outer loop
    vertex 12.49999999999998 -6.399842741800573 5.3317381225754
    vertex 12.49999999999998 -6.404637932724594 1.775327632513008
    vertex 12.49999999999999 -3.261781948899035 3.556639722069345
  endloop
endfacet
facet normal 1 -3.37941e-15 -1.87613e-16
  outer loop
    vertex 12.49999999999999 -3.050999222677476 -7.071592666809845
    vertex 12.49999999999999 -3.244431095985338 -3.587372667635858
    vertex 12.49999999999998 -6.297923169292719 -5.394979050224592
  endloop
endfacet
facet normal 1 -3.41209e-15 -6.56052e-17
  outer loop
    vertex 12.49999999999993 -21.98679891280293 7.004731662161383
    vertex 12.49999999999993 -21.92034325991822 3.548407657979279
    vertex 12.49999999999994 -18.83092369316078 5.328010742072015
  endloop
endfacet
facet normal 1 -3.29613e-15 1.52663e-16
  outer loop
    vertex 12.49999999999993 -21.98679891280293 7.004731662161383
    vertex 12.49999999999994 -18.83092369316078 5.328010742072015
    vertex 12.49999999999994 -19.19036048129378 9.203259184998219
  endloop
endfacet
facet normal 1 -3.55863e-15 1.28316e-16
  outer loop
    vertex 12.49999999999994 -18.83092369316078 5.328010742072015
    vertex 12.49999999999995 -15.77212507583879 7.096942564492299
    vertex 12.49999999999994 -19.19036048129378 9.203259184998219
  endloop
endfacet
facet normal 1 -3.50035e-15 -6.73021e-17
  outer loop
    vertex 12.49999999999993 -21.98679891280293 7.004731662161383
    vertex 12.49999999999992 -24.99999999999999 5.357142857142857
    vertex 12.49999999999993 -21.92034325991822 3.548407657979279
  endloop
endfacet
facet normal 1 -3.44163e-15 -1.41739e-17
  outer loop
    vertex 12.49999999999994 -18.81631944711206 1.781877466806069
    vertex 12.49999999999995 -15.72681989242507 3.56161909405678
    vertex 12.49999999999994 -18.83092369316078 5.328010742072015
  endloop
endfacet
facet normal 1 -3.39952e-15 -2.18912e-17
  outer loop
    vertex 12.49999999999997 -9.542588792359885 -0.01269272059702331
    vertex 12.49999999999996 -12.66593916755594 -1.851065688847342
    vertex 12.49999999999997 -9.519359946373903 -3.619945279107259
  endloop
endfacet
facet normal 1 -3.44718e-15 -2.14043e-18
  outer loop
    vertex 12.49999999999994 -18.81631944711206 1.781877466806069
    vertex 12.49999999999993 -21.90705212934128 0
    vertex 12.49999999999994 -18.81410425868258 -1.785714285714286
  endloop
endfacet
facet normal 1 -3.38728e-15 -1.62272e-17
  outer loop
    vertex 12.49999999999997 -9.542588792359885 -0.01269272059702331
    vertex 12.49999999999998 -6.387359373237054 -1.831425210817244
    vertex 12.49999999999998 -6.404637932724594 1.775327632513008
  endloop
endfacet
facet normal 1 -3.48049e-15 -2.1611e-18
  outer loop
    vertex 12.49999999999994 -18.81631944711206 1.781877466806069
    vertex 12.49999999999994 -18.81410425868258 -1.785714285714286
    vertex 12.49999999999995 -15.75292222600163 -0.05502004532250204
  endloop
endfacet
facet normal 1 -3.43525e-15 2.98359e-17
  outer loop
    vertex 12.49999999999996 -12.63444674109499 1.774909365265231
    vertex 12.49999999999995 -15.75292222600163 -0.05502004532250204
    vertex 12.49999999999996 -12.66593916755594 -1.851065688847342
  endloop
endfacet
facet normal 1 -3.45342e-15 -1.29353e-17
  outer loop
    vertex 12.49999999999992 -24.99999999999999 1.785714285714285
    vertex 12.49999999999993 -21.90705212934128 0
    vertex 12.49999999999993 -21.92034325991822 3.548407657979279
  endloop
endfacet
facet normal 1 -3.44595e-15 0
  outer loop
    vertex 12.49999999999992 -24.99999999999999 -5.357142857142858
    vertex 12.49999999999992 -24.99999999999999 -8.928571428571431
    vertex 12.49999999999993 -21.90705212934128 -7.142857142857142
  endloop
endfacet
facet normal 1 -3.43559e-15 1.79505e-17
  outer loop
    vertex 12.49999999999992 -24.99999999999999 -5.357142857142858
    vertex 12.49999999999993 -21.90705212934128 -7.142857142857142
    vertex 12.49999999999993 -21.88886113574857 -3.661251403945052
  endloop
endfacet
facet normal 1 -3.45586e-15 -1.71705e-17
  outer loop
    vertex 12.49999999999994 -18.81410425868258 -1.785714285714286
    vertex 12.49999999999993 -21.90705212934128 0
    vertex 12.49999999999993 -21.88886113574857 -3.661251403945052
  endloop
endfacet
facet normal 1 -3.44172e-15 -1.41742e-17
  outer loop
    vertex 12.49999999999993 -21.92034325991822 3.548407657979279
    vertex 12.49999999999994 -18.81631944711206 1.781877466806069
    vertex 12.49999999999994 -18.83092369316078 5.328010742072015
  endloop
endfacet
facet normal 1 -3.4642e-15 2.50021e-17
  outer loop
    vertex 12.49999999999994 -18.81631944711206 1.781877466806069
    vertex 12.49999999999995 -15.75292222600163 -0.05502004532250204
    vertex 12.49999999999995 -15.72681989242507 3.56161909405678
  endloop
endfacet
facet normal 1 -3.44313e-15 5.99598e-18
  outer loop
    vertex 12.49999999999995 -15.72681989242507 3.56161909405678
    vertex 12.49999999999996 -12.63444674109499 1.774909365265231
    vertex 12.49999999999996 -12.62820851736515 5.357142857142847
  endloop
endfacet
facet normal 1 -3.45879e-15 -4.43244e-17
  outer loop
    vertex 12.49999999999994 -18.83092369316078 5.328010742072015
    vertex 12.49999999999995 -15.72681989242507 3.56161909405678
    vertex 12.49999999999995 -15.77212507583879 7.096942564492299
  endloop
endfacet
facet normal 1 -3.42994e-15 2.97898e-17
  outer loop
    vertex 12.49999999999996 -12.63444674109499 1.774909365265231
    vertex 12.49999999999996 -12.66593916755594 -1.851065688847342
    vertex 12.49999999999997 -9.542588792359885 -0.01269272059702331
  endloop
endfacet
facet normal 1 -3.40137e-15 -2.51745e-17
  outer loop
    vertex 12.49999999999997 -9.519359946373903 -3.619945279107259
    vertex 12.49999999999996 -12.66593916755594 -1.851065688847342
    vertex 12.49999999999996 -12.63852782709871 -5.554662129006701
  endloop
endfacet
facet normal 1 -3.17884e-15 3.81617e-16
  outer loop
    vertex 12.49999999999997 -9.535260646706449 7.142857142857135
    vertex 12.49999999999998 -6.399842741800573 5.3317381225754
    vertex 12.49999999999998 -5.935425427761711 9.200294984621426
  endloop
endfacet
facet normal 1 -2.91111e-15 0
  outer loop
    vertex 12.5 5.51091059616309e-15 -8.928571428571431
    vertex 12.5 5.51091059616309e-15 -5.357142857142858
    vertex 12.49999999999999 -3.050999222677476 -7.071592666809845
  endloop
endfacet
facet normal 1 -3.53715e-15 0
  outer loop
    vertex 12.49999999999992 -24.99999999999999 8.928571428571429
    vertex 12.49999999999992 -24.99999999999999 5.357142857142857
    vertex 12.49999999999993 -21.98679891280293 7.004731662161383
  endloop
endfacet
facet normal 1 -2.98428e-15 5.71125e-17
  outer loop
    vertex 12.49999999999996 -10.71428571428571 12.5
    vertex 12.49999999999995 -14.28571428571428 12.5
    vertex 12.49999999999996 -12.56126552197059 9.298714768960032
  endloop
endfacet
facet normal 1 -3.43228e-15 2.47717e-17
  outer loop
    vertex 12.49999999999995 -15.72681989242507 3.56161909405678
    vertex 12.49999999999995 -15.75292222600163 -0.05502004532250204
    vertex 12.49999999999996 -12.63444674109499 1.774909365265231
  endloop
endfacet
facet normal 1 -3.39927e-15 4.81101e-18
  outer loop
    vertex 12.49999999999997 -9.537521708270326 3.567512297920889
    vertex 12.49999999999997 -9.542588792359885 -0.01269272059702331
    vertex 12.49999999999998 -6.404637932724594 1.775327632513008
  endloop
endfacet
facet normal 1 -3.3994e-15 4.58349e-18
  outer loop
    vertex 12.49999999999997 -9.537521708270326 3.567512297920889
    vertex 12.49999999999998 -6.404637932724594 1.775327632513008
    vertex 12.49999999999998 -6.399842741800573 5.3317381225754
  endloop
endfacet
facet normal 1 -3.42658e-15 1.54659e-17
  outer loop
    vertex 12.49999999999997 -9.519359946373903 -3.619945279107259
    vertex 12.49999999999996 -12.63852782709871 -5.554662129006701
    vertex 12.49999999999997 -9.535260646706442 -7.142857142857157
  endloop
endfacet
facet normal 1 -3.39051e-15 -2.18332e-17
  outer loop
    vertex 12.49999999999997 -9.542588792359885 -0.01269272059702331
    vertex 12.49999999999997 -9.519359946373903 -3.619945279107259
    vertex 12.49999999999998 -6.387359373237054 -1.831425210817244
  endloop
endfacet
facet normal 1 -3.39803e-15 2.14893e-18
  outer loop
    vertex 12.49999999999997 -9.537521708270326 3.567512297920889
    vertex 12.49999999999998 -6.399842741800573 5.3317381225754
    vertex 12.49999999999997 -9.535260646706449 7.142857142857135
  endloop
endfacet
facet normal 1 -3.46082e-15 0
  outer loop
    vertex 12.49999999999992 -24.99999999999999 5.357142857142857
    vertex 12.49999999999992 -24.99999999999999 1.785714285714285
    vertex 12.49999999999993 -21.92034325991822 3.548407657979279
  endloop
endfacet
facet normal 1 -2.79434e-15 0
  outer loop
    vertex 12.5 5.51091059616309e-15 -1.785714285714286
    vertex 12.5 5.51091059616309e-15 1.785714285714285
    vertex 12.49999999999999 -3.178495289240892 -1.77635683940025e-15
  endloop
endfacet
facet normal 1 -3.44595e-15 0
  outer loop
    vertex 12.49999999999992 -24.99999999999999 1.785714285714285
    vertex 12.49999999999992 -24.99999999999999 -1.785714285714286
    vertex 12.49999999999993 -21.90705212934128 0
  endloop
endfacet
facet normal 1 -3.4258e-15 0
  outer loop
    vertex 12.49999999999992 -24.99999999999999 -1.785714285714286
    vertex 12.49999999999992 -24.99999999999999 -5.357142857142858
    vertex 12.49999999999993 -21.88886113574857 -3.661251403945052
  endloop
endfacet
facet normal 1 -3.43609e-15 -1.70723e-17
  outer loop
    vertex 12.49999999999993 -21.90705212934128 0
    vertex 12.49999999999992 -24.99999999999999 -1.785714285714286
    vertex 12.49999999999993 -21.88886113574857 -3.661251403945052
  endloop
endfacet
facet normal 1 -3.44099e-15 -1.28888e-17
  outer loop
    vertex 12.49999999999993 -21.92034325991822 3.548407657979279
    vertex 12.49999999999993 -21.90705212934128 0
    vertex 12.49999999999994 -18.81631944711206 1.781877466806069
  endloop
endfacet
facet normal 1 -3.445e-15 5.99923e-18
  outer loop
    vertex 12.49999999999996 -12.63444674109499 1.774909365265231
    vertex 12.49999999999997 -9.537521708270326 3.567512297920889
    vertex 12.49999999999996 -12.62820851736515 5.357142857142847
  endloop
endfacet
facet normal 1 -2.8288e-15 0
  outer loop
    vertex 12.5 5.51091059616309e-15 5.357142857142857
    vertex 12.5 5.51091059616309e-15 8.928571428571429
    vertex 12.49999999999999 -3.139773729862657 7.00473166216138
  endloop
endfacet
facet normal 1 -3.44435e-15 4.8748e-18
  outer loop
    vertex 12.49999999999996 -12.63444674109499 1.774909365265231
    vertex 12.49999999999997 -9.542588792359885 -0.01269272059702331
    vertex 12.49999999999997 -9.537521708270326 3.567512297920889
  endloop
endfacet
facet normal 1 -2.98428e-15 -4.29851e-17
  outer loop
    vertex 12.49999999999995 -14.28571428571428 -12.5
    vertex 12.49999999999996 -10.71428571428571 -12.5
    vertex 12.49999999999996 -12.54556751732082 -9.336430309263406
  endloop
endfacet
facet normal 1 -3.44721e-15 2.18003e-18
  outer loop
    vertex 12.49999999999997 -9.537521708270326 3.567512297920889
    vertex 12.49999999999997 -9.535260646706449 7.142857142857135
    vertex 12.49999999999996 -12.62820851736515 5.357142857142847
  endloop
endfacet
facet normal 1 -3.4143e-15 -4.37542e-17
  outer loop
    vertex 12.49999999999995 -15.77212507583879 7.096942564492299
    vertex 12.49999999999995 -15.72681989242507 3.56161909405678
    vertex 12.49999999999996 -12.62820851736515 5.357142857142847
  endloop
endfacet
facet normal 1 -3.22597e-15 1.09544e-16
  outer loop
    vertex 12.49999999999999 -3.050999222677476 -7.071592666809845
    vertex 12.49999999999998 -6.297923169292719 -5.394979050224592
    vertex 12.49999999999998 -5.877358193060374 -9.225665134337081
  endloop
endfacet
facet normal 1 -3.47576e-15 -2.80508e-16
  outer loop
    vertex 12.49999999999995 -15.7928028688098 -7.410149947295931
    vertex 12.49999999999994 -19.21631736034895 -9.31811006651802
    vertex 12.49999999999995 -16.07142857142856 -10.29035558497729
  endloop
endfacet
facet normal 1 -3.46052e-15 -1.0983e-16
  outer loop
    vertex 12.49999999999997 -9.535260646706442 -7.142857142857157
    vertex 12.49999999999996 -12.54556751732082 -9.336430309263406
    vertex 12.49999999999997 -8.928571428571416 -10.08469425035684
  endloop
endfacet
facet normal 1 -3.46207e-15 -1.1015e-16
  outer loop
    vertex 12.49999999999998 -5.877358193060374 -9.225665134337081
    vertex 12.49999999999997 -9.535260646706442 -7.142857142857157
    vertex 12.49999999999997 -8.928571428571416 -10.08469425035684
  endloop
endfacet
facet normal 1 -3.43758e-15 -2.32345e-17
  outer loop
    vertex 12.49999999999995 -15.7928028688098 -7.410149947295931
    vertex 12.49999999999995 -15.81702239076957 -3.826829354531572
    vertex 12.49999999999994 -18.90602669061679 -5.524152033476998
  endloop
endfacet
facet normal 1 -3.45009e-15 -2.82991e-16
  outer loop
    vertex 12.49999999999996 -12.54556751732082 -9.336430309263406
    vertex 12.49999999999995 -15.7928028688098 -7.410149947295931
    vertex 12.49999999999995 -16.07142857142856 -10.29035558497729
  endloop
endfacet
facet normal 1 -3.4512e-15 -1.85949e-16
  outer loop
    vertex 12.49999999999994 -18.90602669061679 -5.524152033476998
    vertex 12.49999999999993 -21.90705212934128 -7.142857142857142
    vertex 12.49999999999994 -19.21631736034895 -9.31811006651802
  endloop
endfacet
facet normal 1 -3.5096e-15 -3.47074e-16
  outer loop
    vertex 12.49999999999996 -12.54556751732082 -9.336430309263406
    vertex 12.49999999999996 -10.71428571428571 -12.5
    vertex 12.49999999999997 -8.928571428571416 -10.08469425035684
  endloop
endfacet
facet normal 1 -3.66698e-15 -3.10643e-16
  outer loop
    vertex 12.49999999999996 -12.56126552197059 9.298714768960032
    vertex 12.49999999999995 -14.28571428571428 12.5
    vertex 12.49999999999995 -16.02109805866015 10.1120377525426
  endloop
endfacet
facet normal 1 -3.60782e-15 2.99999e-16
  outer loop
    vertex 12.49999999999995 -14.28571428571428 -12.5
    vertex 12.49999999999996 -12.54556751732082 -9.336430309263406
    vertex 12.49999999999995 -16.07142857142856 -10.29035558497729
  endloop
endfacet
facet normal 1 -2.71773e-15 0
  outer loop
    vertex 12.5 5.51091059616309e-15 -12.5
    vertex 12.5 5.51091059616309e-15 -8.928571428571431
    vertex 12.49999999999999 -2.614467169888847 -9.885532830111146
  endloop
endfacet
facet normal 1 -2.98428e-15 -2.66545e-16
  outer loop
    vertex 12.49999999999999 -3.571428571428562 -12.5
    vertex 12.5 5.51091059616309e-15 -12.5
    vertex 12.49999999999999 -2.614467169888847 -9.885532830111146
  endloop
endfacet
facet normal 1 -3.39717e-15 0
  outer loop
    vertex 12.49999999999992 -24.99999999999999 -8.928571428571431
    vertex 12.49999999999992 -24.99999999999999 -12.5
    vertex 12.49999999999993 -22.38553283011114 -9.885532830111149
  endloop
endfacet
facet normal 1 -2.71773e-15 0
  outer loop
    vertex 12.5 5.51091059616309e-15 8.928571428571429
    vertex 12.5 5.51091059616309e-15 12.5
    vertex 12.49999999999999 -2.61446716988884 9.885532830111151
  endloop
endfacet
facet normal 1 -2.98428e-15 2.66545e-16
  outer loop
    vertex 12.5 5.51091059616309e-15 12.5
    vertex 12.49999999999999 -3.571428571428562 12.5
    vertex 12.49999999999999 -2.61446716988884 9.885532830111151
  endloop
endfacet
facet normal 1 -3.48166e-15 8.44914e-17
  outer loop
    vertex 12.49999999999992 -24.99999999999999 -12.5
    vertex 12.49999999999993 -21.42857142857142 -12.5
    vertex 12.49999999999993 -22.38553283011114 -9.885532830111149
  endloop
endfacet
facet normal 1 -3.30161e-15 1.5964e-16
  outer loop
    vertex 12.49999999999993 -21.98679891280293 7.004731662161383
    vertex 12.49999999999994 -19.19036048129378 9.203259184998219
    vertex 12.49999999999993 -22.38553283011115 9.885532830111153
  endloop
endfacet
facet normal 1 -3.39717e-15 0
  outer loop
    vertex 12.49999999999992 -24.99999999999999 12.5
    vertex 12.49999999999992 -24.99999999999999 8.928571428571429
    vertex 12.49999999999993 -22.38553283011115 9.885532830111153
  endloop
endfacet
facet normal 1 -3.48166e-15 -8.44914e-17
  outer loop
    vertex 12.49999999999993 -21.42857142857142 12.5
    vertex 12.49999999999992 -24.99999999999999 12.5
    vertex 12.49999999999993 -22.38553283011115 9.885532830111153
  endloop
endfacet
facet normal 1 -3.38452e-15 1.20048e-16
  outer loop
    vertex 12.49999999999993 -21.42857142857142 -12.5
    vertex 12.49999999999994 -19.21631736034895 -9.31811006651802
    vertex 12.49999999999993 -22.38553283011114 -9.885532830111149
  endloop
endfacet
facet normal 1 -3.24536e-15 3.88552e-16
  outer loop
    vertex 12.49999999999996 -12.56126552197059 9.298714768960032
    vertex 12.49999999999997 -9.535260646706449 7.142857142857135
    vertex 12.49999999999997 -9.177818890716317 10.12837337928772
  endloop
endfacet
facet normal 1 -3.19372e-15 1.77948e-16
  outer loop
    vertex 12.49999999999996 -10.71428571428571 12.5
    vertex 12.49999999999996 -12.56126552197059 9.298714768960032
    vertex 12.49999999999997 -9.177818890716317 10.12837337928772
  endloop
endfacet
facet normal 1 -3.24047e-15 1.2857e-16
  outer loop
    vertex 12.49999999999999 -3.050999222677476 -7.071592666809845
    vertex 12.49999999999998 -5.877358193060374 -9.225665134337081
    vertex 12.49999999999999 -2.614467169888847 -9.885532830111146
  endloop
endfacet
facet normal 1 -3.27978e-15 -2.90106e-16
  outer loop
    vertex 12.49999999999994 -17.85714285714285 12.5
    vertex 12.49999999999994 -19.19036048129378 9.203259184998219
    vertex 12.49999999999995 -16.02109805866015 10.1120377525426
  endloop
endfacet
facet normal 1 -3.32745e-15 -1.4091e-16
  outer loop
    vertex 12.49999999999998 -5.935425427761711 9.200294984621426
    vertex 12.49999999999998 -7.142857142857135 12.5
    vertex 12.49999999999997 -9.177818890716317 10.12837337928772
  endloop
endfacet
facet normal 1 -3.48166e-15 -8.5948e-18
  outer loop
    vertex 12.49999999999998 -7.142857142857135 12.5
    vertex 12.49999999999996 -10.71428571428571 12.5
    vertex 12.49999999999997 -9.177818890716317 10.12837337928772
  endloop
endfacet
facet normal 1 -3.40542e-15 -3.11365e-16
  outer loop
    vertex 12.49999999999998 -7.142857142857135 -12.5
    vertex 12.49999999999998 -5.877358193060374 -9.225665134337081
    vertex 12.49999999999997 -8.928571428571416 -10.08469425035684
  endloop
endfacet
facet normal 1 -3.48166e-15 -3.67729e-16
  outer loop
    vertex 12.49999999999996 -10.71428571428571 -12.5
    vertex 12.49999999999998 -7.142857142857135 -12.5
    vertex 12.49999999999997 -8.928571428571416 -10.08469425035684
  endloop
endfacet
facet normal 1 -3.30813e-15 2.61715e-16
  outer loop
    vertex 12.49999999999994 -19.21631736034895 -9.31811006651802
    vertex 12.49999999999994 -17.85714285714285 -12.5
    vertex 12.49999999999995 -16.07142857142856 -10.29035558497729
  endloop
endfacet
facet normal 1 -3.45022e-15 3.04251e-16
  outer loop
    vertex 12.49999999999994 -19.19036048129378 9.203259184998219
    vertex 12.49999999999995 -15.77212507583879 7.096942564492299
    vertex 12.49999999999995 -16.02109805866015 10.1120377525426
  endloop
endfacet
facet normal 1 -3.48166e-15 -4.45322e-16
  outer loop
    vertex 12.49999999999995 -14.28571428571428 12.5
    vertex 12.49999999999994 -17.85714285714285 12.5
    vertex 12.49999999999995 -16.02109805866015 10.1120377525426
  endloop
endfacet
facet normal 1 -3.17821e-15 3.80512e-16
  outer loop
    vertex 12.49999999999997 -9.535260646706449 7.142857142857135
    vertex 12.49999999999998 -5.935425427761711 9.200294984621426
    vertex 12.49999999999997 -9.177818890716317 10.12837337928772
  endloop
endfacet
facet normal 1 -3.35175e-15 -6.29339e-17
  outer loop
    vertex 12.49999999999994 -19.21631736034895 -9.31811006651802
    vertex 12.49999999999993 -21.90705212934128 -7.142857142857142
    vertex 12.49999999999993 -22.38553283011114 -9.885532830111149
  endloop
endfacet
facet normal 1 -3.48166e-15 4.01955e-16
  outer loop
    vertex 12.49999999999994 -17.85714285714285 -12.5
    vertex 12.49999999999995 -14.28571428571428 -12.5
    vertex 12.49999999999995 -16.07142857142856 -10.29035558497729
  endloop
endfacet
facet normal 1 -3.41609e-15 -5.17091e-17
  outer loop
    vertex 12.49999999999993 -21.90705212934128 -7.142857142857142
    vertex 12.49999999999992 -24.99999999999999 -8.928571428571431
    vertex 12.49999999999993 -22.38553283011114 -9.885532830111149
  endloop
endfacet
facet normal 1 -2.79035e-15 1.98397e-16
  outer loop
    vertex 12.5 5.51091059616309e-15 -8.928571428571431
    vertex 12.49999999999999 -3.050999222677476 -7.071592666809845
    vertex 12.49999999999999 -2.614467169888847 -9.885532830111146
  endloop
endfacet
facet normal 1 -2.75927e-15 -1.13474e-16
  outer loop
    vertex 12.49999999999999 -3.139773729862657 7.00473166216138
    vertex 12.5 5.51091059616309e-15 8.928571428571429
    vertex 12.49999999999999 -2.61446716988884 9.885532830111151
  endloop
endfacet
facet normal 1 -3.44818e-15 1.39354e-16
  outer loop
    vertex 12.49999999999992 -24.99999999999999 8.928571428571429
    vertex 12.49999999999993 -21.98679891280293 7.004731662161383
    vertex 12.49999999999993 -22.38553283011115 9.885532830111153
  endloop
endfacet
facet normal 0 0 1
  outer loop
    vertex -1.792287110023531 -19.42355872401801 12.5
    vertex -1.168162521152171 -23.24742300898262 12.5
    vertex 2.446870060316825 -21.73377129963823 12.5
  endloop
endfacet
facet normal -0 0 1
  outer loop
    vertex -1.792287110023531 -19.42355872401801 12.5
    vertex 2.446870060316825 -21.73377129963823 12.5
    vertex 1.480990426465231 -18.37504733678866 12.5
  endloop
endfacet
facet normal 0 0 1
  outer loop
    vertex -21.65160093970222 -22.09391910605566 12.5
    vertex -23.17686776298592 -25.77623895706494 12.5
    vertex -19.22994873392719 -25.00283153262551 12.5
  endloop
endfacet
facet normal -0 0 1
  outer loop
    vertex -8.845076145880194 -26.84142194950224 12.5
    vertex -5.391359146055058 -28.67471816894311 12.5
    vertex -4.681278691386066 -25.12688322388882 12.5
  endloop
endfacet
facet normal -0 0 1
  outer loop
    vertex -23.17686776298592 -25.77623895706494 12.5
    vertex -20.70171056150566 -28.25139615854526 12.5
    vertex -19.22994873392719 -25.00283153262551 12.5
  endloop
endfacet
facet normal 0 0 1
  outer loop
    vertex -7.662769444640288 -6.520237952915316 12.5
    vertex -3.830136553547891 -6.494989181202908 12.5
    vertex -6.525419693845016 -3.22186410834534 12.5
  endloop
endfacet
facet normal 0 0 1
  outer loop
    vertex -12.5 -2.143131898507868e-15 12.5
    vertex -14.0252668232837 -3.682319851009278 12.5
    vertex -10.24088406922669 -3.336712247044313 12.5
  endloop
endfacet
facet normal 0 -0 1
  outer loop
    vertex -3.830136553547891 -6.494989181202908 12.5
    vertex -3.133013809940953 -2.979245268909504 12.5
    vertex -6.525419693845016 -3.22186410834534 12.5
  endloop
endfacet
facet normal 0 0 1
  outer loop
    vertex -8.928571428571431 -1.049697256412018e-15 12.5
    vertex -12.5 -2.143131898507868e-15 12.5
    vertex -10.24088406922669 -3.336712247044313 12.5
  endloop
endfacet
facet normal 0 0 1
  outer loop
    vertex -7.276591158122265 -22.92279953889137 12.5
    vertex -8.845076145880194 -26.84142194950224 12.5
    vertex -4.681278691386066 -25.12688322388882 12.5
  endloop
endfacet
facet normal 0 0 1
  outer loop
    vertex 6.563767527851439 -17.68396707434344 12.5
    vertex 3.306868694591333 -15.60398029004644 12.5
    vertex 4.068513458708827 -19.21035256958062 12.5
  endloop
endfacet
facet normal 0 0 1
  outer loop
    vertex 0.1355567886514822 -5.618380455146483 12.5
    vertex -3.133013809940953 -2.979245268909504 12.5
    vertex -3.830136553547891 -6.494989181202908 12.5
  endloop
endfacet
facet normal 0 0 1
  outer loop
    vertex -13.12179520947405 -27.1372023543903 12.5
    vertex -15.09153747092402 -24.56101867545648 12.5
    vertex -16.84236431165363 -27.63512172294012 12.5
  endloop
endfacet
facet normal 0 0 1
  outer loop
    vertex 3.528650367162573 -3.226987351859806 12.5
    vertex 0.1355567886514822 -5.618380455146483 12.5
    vertex 3.677370681515547 -6.277469827204001 12.5
  endloop
endfacet
facet normal 0 -0 1
  outer loop
    vertex 0.1355567886514822 -5.618380455146483 12.5
    vertex 3.528650367162573 -3.226987351859806 12.5
    vertex 0.07588476369615722 -2.419873260310187 12.5
  endloop
endfacet
facet normal 0 -0 1
  outer loop
    vertex -14.68264053406543 -30.1317282565976 12.5
    vertex -13.12179520947405 -27.1372023543903 12.5
    vertex -16.84236431165363 -27.63512172294012 12.5
  endloop
endfacet
facet normal 0 0 1
  outer loop
    vertex 3.306868694591333 -15.60398029004644 12.5
    vertex 1.480990426465231 -18.37504733678866 12.5
    vertex 4.068513458708827 -19.21035256958062 12.5
  endloop
endfacet
facet normal -0 0 1
  outer loop
    vertex -3.133013809940953 -2.979245268909504 12.5
    vertex 0.1355567886514822 -5.618380455146483 12.5
    vertex 0.07588476369615722 -2.419873260310187 12.5
  endloop
endfacet
facet normal -0 0 1
  outer loop
    vertex 3.306868694591333 -15.60398029004644 12.5
    vertex 6.563767527851439 -17.68396707434344 12.5
    vertex 6.687193275693744 -14.09954249411231 12.5
  endloop
endfacet
facet normal 0 0 1
  outer loop
    vertex -13.65837043347051 -20.96470174232241 12.5
    vertex -17.56291326273651 -21.52054152071222 12.5
    vertex -15.09153747092402 -24.56101867545648 12.5
  endloop
endfacet
facet normal 0 0 1
  outer loop
    vertex -11.56491757108147 -6.943628590182355 12.5
    vertex -13.11568931847047 -10.53697602068011 12.5
    vertex -9.180575667817035 -10.06166460436739 12.5
  endloop
endfacet
facet normal 0 0 1
  outer loop
    vertex -17.56291326273651 -21.52054152071222 12.5
    vertex -21.65160093970222 -22.09391910605566 12.5
    vertex -19.22994873392719 -25.00283153262551 12.5
  endloop
endfacet
facet normal -0 0 1
  outer loop
    vertex -11.56491757108147 -6.943628590182355 12.5
    vertex -9.180575667817035 -10.06166460436739 12.5
    vertex -7.662769444640288 -6.520237952915316 12.5
  endloop
endfacet
facet normal 0 -0 1
  outer loop
    vertex 9.125852730233504 -8.625471225371184 12.5
    vertex 9.668269659981647 -5.151120621746905 12.5
    vertex 6.575035173581925 -5.730049403268337 12.5
  endloop
endfacet
facet normal -0 0 1
  outer loop
    vertex -14.0252668232837 -3.682319851009278 12.5
    vertex -11.56491757108147 -6.943628590182355 12.5
    vertex -10.24088406922669 -3.336712247044313 12.5
  endloop
endfacet
facet normal 0 -0 1
  outer loop
    vertex 0.7633949544653275 -12.08724861364951 12.5
    vertex 2.189189421066306 -8.778544613500536 12.5
    vertex -1.535789946965389 -9.210333404675723 12.5
  endloop
endfacet
facet normal -0 0 1
  outer loop
    vertex 5.678890158874282 -8.498182967656923 12.5
    vertex 9.125852730233504 -8.625471225371184 12.5
    vertex 6.575035173581925 -5.730049403268337 12.5
  endloop
endfacet
facet normal 0 0 1
  outer loop
    vertex -17.56291326273651 -21.52054152071222 12.5
    vertex -13.65837043347051 -20.96470174232241 12.5
    vertex -16.13314122130642 -17.85341589868321 12.5
  endloop
endfacet
facet normal 0 0 1
  outer loop
    vertex -1.535789946965389 -9.210333404675723 12.5
    vertex 2.189189421066306 -8.778544613500536 12.5
    vertex 0.1355567886514822 -5.618380455146483 12.5
  endloop
endfacet
facet normal -0 0 1
  outer loop
    vertex -13.11568931847047 -10.53697602068011 12.5
    vertex -10.70156819693277 -13.65152398027238 12.5
    vertex -9.180575667817035 -10.06166460436739 12.5
  endloop
endfacet
facet normal 0 0 1
  outer loop
    vertex -2.99296617091072 -12.58753766592039 12.5
    vertex 0.7633949544653275 -12.08724861364951 12.5
    vertex -1.535789946965389 -9.210333404675723 12.5
  endloop
endfacet
facet normal 0 0 1
  outer loop
    vertex 5.135360297981402 -28.05053364656749 12.5
    vertex 8.817680148990663 -26.52526682328374 12.5
    vertex 5.725298591977451 -24.35123982251904 12.5
  endloop
endfacet
facet normal 0 0 1
  outer loop
    vertex -11.20738248658305 -23.99005746634158 12.5
    vertex -13.65837043347051 -20.96470174232241 12.5
    vertex -15.09153747092402 -24.56101867545648 12.5
  endloop
endfacet
facet normal -0 0 1
  outer loop
    vertex -5.335106744978199 -9.637421127011653 12.5
    vertex -2.99296617091072 -12.58753766592039 12.5
    vertex -1.535789946965389 -9.210333404675723 12.5
  endloop
endfacet
facet normal -0 0 1
  outer loop
    vertex -2.99296617091072 -12.58753766592039 12.5
    vertex -0.6546635661784562 -15.56224096581309 12.5
    vertex 0.7633949544653275 -12.08724861364951 12.5
  endloop
endfacet
facet normal -0 0 1
  outer loop
    vertex 0.7633949544653275 -12.08724861364951 12.5
    vertex 3.306868694591333 -15.60398029004644 12.5
    vertex 4.363405487153524 -11.59028047772203 12.5
  endloop
endfacet
facet normal 0 0 1
  outer loop
    vertex -13.11568931847047 -10.53697602068011 12.5
    vertex -14.64852755085315 -14.18572055468189 12.5
    vertex -10.70156819693277 -13.65152398027238 12.5
  endloop
endfacet
facet normal -0 0 1
  outer loop
    vertex -6.816257196194652 -13.12243599978761 12.5
    vertex -4.43342825156722 -16.17352883131552 12.5
    vertex -2.99296617091072 -12.58753766592039 12.5
  endloop
endfacet
facet normal 0 0 1
  outer loop
    vertex -12.20163467122502 -17.30865291529929 12.5
    vertex -14.64852755085315 -14.18572055468189 12.5
    vertex -16.13314122130642 -17.85341589868321 12.5
  endloop
endfacet
facet normal 0 -0 1
  outer loop
    vertex -13.65837043347051 -20.96470174232241 12.5
    vertex -12.20163467122502 -17.30865291529929 12.5
    vertex -16.13314122130642 -17.85341589868321 12.5
  endloop
endfacet
facet normal 0 0 1
  outer loop
    vertex -6.816257196194652 -13.12243599978761 12.5
    vertex -2.99296617091072 -12.58753766592039 12.5
    vertex -5.335106744978199 -9.637421127011653 12.5
  endloop
endfacet
facet normal -0 0 1
  outer loop
    vertex -1.168162521152171 -23.24742300898262 12.5
    vertex 1.955602389300254 -25.64099069065657 12.5
    vertex 2.446870060316825 -21.73377129963823 12.5
  endloop
endfacet
facet normal 0 0 1
  outer loop
    vertex 0.7633949544653275 -12.08724861364951 12.5
    vertex -0.6546635661784562 -15.56224096581309 12.5
    vertex 3.306868694591333 -15.60398029004644 12.5
  endloop
endfacet
facet normal -0 0 1
  outer loop
    vertex 2.189189421066306 -8.778544613500536 12.5
    vertex 4.363405487153524 -11.59028047772203 12.5
    vertex 5.678890158874282 -8.498182967656923 12.5
  endloop
endfacet
facet normal -0 0 1
  outer loop
    vertex -17.07580046985111 -11.04695955302783 12.5
    vertex -14.64852755085315 -14.18572055468189 12.5
    vertex -13.11568931847047 -10.53697602068011 12.5
  endloop
endfacet
facet normal 0 0 1
  outer loop
    vertex -14.0252668232837 -3.682319851009278 12.5
    vertex -15.55053364656741 -7.364639702018554 12.5
    vertex -11.56491757108147 -6.943628590182355 12.5
  endloop
endfacet
facet normal 0 -0 1
  outer loop
    vertex -5.911599255046376 -32.62633411641873 12.5
    vertex -5.391359146055058 -28.67471816894311 12.5
    vertex -8.984517967333744 -30.67532244879808 12.5
  endloop
endfacet
facet normal 0 0 1
  outer loop
    vertex -2.99296617091072 -12.58753766592039 12.5
    vertex -4.43342825156722 -16.17352883131552 12.5
    vertex -0.6546635661784562 -15.56224096581309 12.5
  endloop
endfacet
facet normal 0 0 1
  outer loop
    vertex -9.593919106055637 -34.15160093970248 12.5
    vertex -5.911599255046376 -32.62633411641873 12.5
    vertex -8.984517967333744 -30.67532244879808 12.5
  endloop
endfacet
facet normal 0 0 1
  outer loop
    vertex 0.7633949544653275 -12.08724861364951 12.5
    vertex 4.363405487153524 -11.59028047772203 12.5
    vertex 2.189189421066306 -8.778544613500536 12.5
  endloop
endfacet
facet normal 0 0 1
  outer loop
    vertex -9.756951786239757 -20.38212268741211 12.5
    vertex -13.65837043347051 -20.96470174232241 12.5
    vertex -11.20738248658305 -23.99005746634158 12.5
  endloop
endfacet
facet normal -0 0 1
  outer loop
    vertex -10.70156819693277 -13.65152398027238 12.5
    vertex -8.296668916706599 -16.72942359380757 12.5
    vertex -6.816257196194652 -13.12243599978761 12.5
  endloop
endfacet
facet normal 0 0 1
  outer loop
    vertex -6.816257196194652 -13.12243599978761 12.5
    vertex -8.296668916706599 -16.72942359380757 12.5
    vertex -4.43342825156722 -16.17352883131552 12.5
  endloop
endfacet
facet normal -0 0 1
  outer loop
    vertex -20.12633411641852 -18.41159925504638 12.5
    vertex -17.56291326273651 -21.52054152071222 12.5
    vertex -16.13314122130642 -17.85341589868321 12.5
  endloop
endfacet
facet normal 0 0 1
  outer loop
    vertex -11.56491757108147 -6.943628590182355 12.5
    vertex -15.55053364656741 -7.364639702018554 12.5
    vertex -13.11568931847047 -10.53697602068011 12.5
  endloop
endfacet
facet normal 0 0 1
  outer loop
    vertex -14.64852755085315 -14.18572055468189 12.5
    vertex -18.60106729313481 -14.7292794040371 12.5
    vertex -16.13314122130642 -17.85341589868321 12.5
  endloop
endfacet
facet normal 0 0 1
  outer loop
    vertex 1.453040446972144 -29.57580046985124 12.5
    vertex 5.135360297981402 -28.05053364656749 12.5
    vertex 1.955602389300254 -25.64099069065657 12.5
  endloop
endfacet
facet normal 0 0 1
  outer loop
    vertex -20.12633411641852 -18.41159925504638 12.5
    vertex -21.65160093970222 -22.09391910605566 12.5
    vertex -17.56291326273651 -21.52054152071222 12.5
  endloop
endfacet
facet normal -0 0 1
  outer loop
    vertex -5.391359146055058 -28.67471816894311 12.5
    vertex -2.229279404037117 -31.10106729313499 12.5
    vertex -1.596396058952285 -27.17960887867326 12.5
  endloop
endfacet
facet normal 0 0 1
  outer loop
    vertex -1.596396058952285 -27.17960887867326 12.5
    vertex 1.955602389300254 -25.64099069065657 12.5
    vertex -1.168162521152171 -23.24742300898262 12.5
  endloop
endfacet
facet normal 0 0 1
  outer loop
    vertex -18.60106729313481 -14.7292794040371 12.5
    vertex -20.12633411641852 -18.41159925504638 12.5
    vertex -16.13314122130642 -17.85341589868321 12.5
  endloop
endfacet
facet normal 0 -0 1
  outer loop
    vertex 1.453040446972144 -29.57580046985124 12.5
    vertex 1.955602389300254 -25.64099069065657 12.5
    vertex -1.596396058952285 -27.17960887867326 12.5
  endloop
endfacet
facet normal -0 0 1
  outer loop
    vertex 1.955602389300254 -25.64099069065657 12.5
    vertex 5.135360297981402 -28.05053364656749 12.5
    vertex 5.725298591977451 -24.35123982251904 12.5
  endloop
endfacet
facet normal 0 0 1
  outer loop
    vertex -10.70156819693277 -13.65152398027238 12.5
    vertex -6.816257196194652 -13.12243599978761 12.5
    vertex -9.180575667817035 -10.06166460436739 12.5
  endloop
endfacet
facet normal 0 0 1
  outer loop
    vertex -10.70156819693277 -13.65152398027238 12.5
    vertex -14.64852755085315 -14.18572055468189 12.5
    vertex -12.20163467122502 -17.30865291529929 12.5
  endloop
endfacet
facet normal 0 0 1
  outer loop
    vertex -10.70156819693277 -13.65152398027238 12.5
    vertex -12.20163467122502 -17.30865291529929 12.5
    vertex -8.296668916706599 -16.72942359380757 12.5
  endloop
endfacet
facet normal 0 0 1
  outer loop
    vertex -9.180575667817035 -10.06166460436739 12.5
    vertex -5.335106744978199 -9.637421127011653 12.5
    vertex -7.662769444640288 -6.520237952915316 12.5
  endloop
endfacet
facet normal 0 0 1
  outer loop
    vertex 2.446870060316825 -21.73377129963823 12.5
    vertex 1.955602389300254 -25.64099069065657 12.5
    vertex 5.725298591977451 -24.35123982251904 12.5
  endloop
endfacet
facet normal 0 0 1
  outer loop
    vertex -15.55053364656741 -7.364639702018554 12.5
    vertex -17.07580046985111 -11.04695955302783 12.5
    vertex -13.11568931847047 -10.53697602068011 12.5
  endloop
endfacet
facet normal -0 0 1
  outer loop
    vertex -9.756951786239757 -20.38212268741211 12.5
    vertex -7.276591158122265 -22.92279953889137 12.5
    vertex -5.894335723468966 -19.58779352896415 12.5
  endloop
endfacet
facet normal 0 0 1
  outer loop
    vertex -17.07580046985111 -11.04695955302783 12.5
    vertex -18.60106729313481 -14.7292794040371 12.5
    vertex -14.64852755085315 -14.18572055468189 12.5
  endloop
endfacet
facet normal 0 0 1
  outer loop
    vertex -2.229279404037117 -31.10106729313499 12.5
    vertex 1.453040446972144 -29.57580046985124 12.5
    vertex -1.596396058952285 -27.17960887867326 12.5
  endloop
endfacet
facet normal 0 0 1
  outer loop
    vertex -9.756951786239757 -20.38212268741211 12.5
    vertex -11.20738248658305 -23.99005746634158 12.5
    vertex -7.276591158122265 -22.92279953889137 12.5
  endloop
endfacet
facet normal 0 -0 1
  outer loop
    vertex -1.535789946965389 -9.210333404675723 12.5
    vertex 0.1355567886514822 -5.618380455146483 12.5
    vertex -3.830136553547891 -6.494989181202908 12.5
  endloop
endfacet
facet normal 0 0 1
  outer loop
    vertex -5.911599255046376 -32.62633411641873 12.5
    vertex -2.229279404037117 -31.10106729313499 12.5
    vertex -5.391359146055058 -28.67471816894311 12.5
  endloop
endfacet
facet normal 0 -0 1
  outer loop
    vertex 12.49999999999998 -7.142857142857135 12.5
    vertex 12.49999999999999 -3.571428571428562 12.5
    vertex 9.668269659981647 -5.151120621746905 12.5
  endloop
endfacet
facet normal 0 0 1
  outer loop
    vertex -15.09153747092402 -24.56101867545648 12.5
    vertex -17.56291326273651 -21.52054152071222 12.5
    vertex -19.22994873392719 -25.00283153262551 12.5
  endloop
endfacet
facet normal 0 0 1
  outer loop
    vertex -8.296668916706599 -16.72942359380757 12.5
    vertex -12.20163467122502 -17.30865291529929 12.5
    vertex -9.756951786239757 -20.38212268741211 12.5
  endloop
endfacet
facet normal 0 0 1
  outer loop
    vertex -9.756951786239757 -20.38212268741211 12.5
    vertex -12.20163467122502 -17.30865291529929 12.5
    vertex -13.65837043347051 -20.96470174232241 12.5
  endloop
endfacet
facet normal 0 -0 1
  outer loop
    vertex -6.816257196194652 -13.12243599978761 12.5
    vertex -5.335106744978199 -9.637421127011653 12.5
    vertex -9.180575667817035 -10.06166460436739 12.5
  endloop
endfacet
facet normal 0 0 1
  outer loop
    vertex 5.357142857142857 3.324041311971387e-15 12.5
    vertex 1.785714285714285 2.230606669875536e-15 12.5
    vertex 3.528650367162573 -3.226987351859806 12.5
  endloop
endfacet
facet normal 0 -0 1
  outer loop
    vertex 12.49999999999996 -10.71428571428571 12.5
    vertex 12.49999999999998 -7.142857142857135 12.5
    vertex 9.125852730233504 -8.625471225371184 12.5
  endloop
endfacet
facet normal 0 0 1
  outer loop
    vertex 12.49999999999998 -7.142857142857135 12.5
    vertex 9.668269659981647 -5.151120621746905 12.5
    vertex 9.125852730233504 -8.625471225371184 12.5
  endloop
endfacet
facet normal 0 -0 1
  outer loop
    vertex 12.49999999999995 -14.28571428571428 12.5
    vertex 12.49999999999996 -10.71428571428571 12.5
    vertex 9.590562863910788 -12.49999999999998 12.5
  endloop
endfacet
facet normal 0 0 1
  outer loop
    vertex -0.6546635661784562 -15.56224096581309 12.5
    vertex -4.43342825156722 -16.17352883131552 12.5
    vertex -1.792287110023531 -19.42355872401801 12.5
  endloop
endfacet
facet normal 0 0 1
  outer loop
    vertex -11.56491757108147 -6.943628590182355 12.5
    vertex -7.662769444640288 -6.520237952915316 12.5
    vertex -10.24088406922669 -3.336712247044313 12.5
  endloop
endfacet
facet normal -0 0 1
  outer loop
    vertex 5.725298591977451 -24.35123982251904 12.5
    vertex 8.817680148990663 -26.52526682328374 12.5
    vertex 9.387507802655605 -23.06711705731782 12.5
  endloop
endfacet
facet normal 0 -0 1
  outer loop
    vertex 9.590562863910788 -12.49999999999998 12.5
    vertex 12.49999999999996 -10.71428571428571 12.5
    vertex 9.125852730233504 -8.625471225371184 12.5
  endloop
endfacet
facet normal 0 0 1
  outer loop
    vertex -8.296668916706599 -16.72942359380757 12.5
    vertex -9.756951786239757 -20.38212268741211 12.5
    vertex -5.894335723468966 -19.58779352896415 12.5
  endloop
endfacet
facet normal 0 -0 1
  outer loop
    vertex 12.49999999999994 -17.85714285714285 12.5
    vertex 12.49999999999995 -14.28571428571428 12.5
    vertex 9.469072194262012 -16.05792910843164 12.5
  endloop
endfacet
facet normal 0 0 1
  outer loop
    vertex -4.43342825156722 -16.17352883131552 12.5
    vertex -8.296668916706599 -16.72942359380757 12.5
    vertex -5.894335723468966 -19.58779352896415 12.5
  endloop
endfacet
facet normal 0 0 1
  outer loop
    vertex 7.352913182042063 -2.775023593376917 12.5
    vertex 3.528650367162573 -3.226987351859806 12.5
    vertex 6.575035173581925 -5.730049403268337 12.5
  endloop
endfacet
facet normal 0 0 1
  outer loop
    vertex 12.49999999999995 -14.28571428571428 12.5
    vertex 9.590562863910788 -12.49999999999998 12.5
    vertex 9.469072194262012 -16.05792910843164 12.5
  endloop
endfacet
facet normal 0 0 1
  outer loop
    vertex -1.785714285714286 1.137172027779685e-15 12.5
    vertex -5.357142857142858 4.373738568383342e-17 12.5
    vertex -3.133013809940953 -2.979245268909504 12.5
  endloop
endfacet
facet normal 0 0 1
  outer loop
    vertex -1.792287110023531 -19.42355872401801 12.5
    vertex -4.43342825156722 -16.17352883131552 12.5
    vertex -5.894335723468966 -19.58779352896415 12.5
  endloop
endfacet
facet normal 0 -0 1
  outer loop
    vertex 12.49999999999993 -21.42857142857142 12.5
    vertex 12.49999999999994 -17.85714285714285 12.5
    vertex 9.441694663011555 -19.56186036487564 12.5
  endloop
endfacet
facet normal -0 0 1
  outer loop
    vertex 2.446870060316825 -21.73377129963823 12.5
    vertex 5.725298591977451 -24.35123982251904 12.5
    vertex 6.401747728745745 -21.01659923982118 12.5
  endloop
endfacet
facet normal -0 0 1
  outer loop
    vertex -18.22655336002541 -30.72655336002558 12.5
    vertex -15.75139615854515 -33.20171056150591 12.5
    vertex -14.68264053406543 -30.1317282565976 12.5
  endloop
endfacet
facet normal 0 0 1
  outer loop
    vertex 3.528650367162573 -3.226987351859806 12.5
    vertex 3.677370681515547 -6.277469827204001 12.5
    vertex 6.575035173581925 -5.730049403268337 12.5
  endloop
endfacet
facet normal 0 0 1
  outer loop
    vertex 9.441694663011555 -19.56186036487564 12.5
    vertex 12.49999999999994 -17.85714285714285 12.5
    vertex 9.469072194262012 -16.05792910843164 12.5
  endloop
endfacet
facet normal 0 0 1
  outer loop
    vertex 8.928571428571429 4.417475954067238e-15 12.5
    vertex 5.357142857142857 3.324041311971387e-15 12.5
    vertex 7.352913182042063 -2.775023593376917 12.5
  endloop
endfacet
facet normal 0 -0 1
  outer loop
    vertex 9.441694663011555 -19.56186036487564 12.5
    vertex 9.469072194262012 -16.05792910843164 12.5
    vertex 6.563767527851439 -17.68396707434344 12.5
  endloop
endfacet
facet normal -0 0 1
  outer loop
    vertex -7.662769444640288 -6.520237952915316 12.5
    vertex -5.335106744978199 -9.637421127011653 12.5
    vertex -3.830136553547891 -6.494989181202908 12.5
  endloop
endfacet
facet normal 0 -0 1
  outer loop
    vertex -9.593919106055637 -34.15160093970248 12.5
    vertex -8.984517967333744 -30.67532244879808 12.5
    vertex -12.33739694298605 -32.24823833304507 12.5
  endloop
endfacet
facet normal 0 0 1
  outer loop
    vertex -8.984517967333744 -30.67532244879808 12.5
    vertex -5.391359146055058 -28.67471816894311 12.5
    vertex -8.845076145880194 -26.84142194950224 12.5
  endloop
endfacet
facet normal 0 0 1
  outer loop
    vertex -8.845076145880194 -26.84142194950224 12.5
    vertex -13.12179520947405 -27.1372023543903 12.5
    vertex -11.73566893485143 -29.65220002868018 12.5
  endloop
endfacet
facet normal 0 0 1
  outer loop
    vertex -0.6546635661784562 -15.56224096581309 12.5
    vertex -1.792287110023531 -19.42355872401801 12.5
    vertex 1.480990426465231 -18.37504733678866 12.5
  endloop
endfacet
facet normal 0 0 1
  outer loop
    vertex 8.817680148990663 -26.52526682328374 12.5
    vertex 12.49999999999992 -24.99999999999999 12.5
    vertex 9.387507802655605 -23.06711705731782 12.5
  endloop
endfacet
facet normal 0 0 1
  outer loop
    vertex -13.2762389570649 -35.67686776298623 12.5
    vertex -9.593919106055637 -34.15160093970248 12.5
    vertex -12.33739694298605 -32.24823833304507 12.5
  endloop
endfacet
facet normal 0 0 1
  outer loop
    vertex -5.391359146055058 -28.67471816894311 12.5
    vertex -1.596396058952285 -27.17960887867326 12.5
    vertex -4.681278691386066 -25.12688322388882 12.5
  endloop
endfacet
facet normal 0 0 1
  outer loop
    vertex 0.1355567886514822 -5.618380455146483 12.5
    vertex 2.189189421066306 -8.778544613500536 12.5
    vertex 3.677370681515547 -6.277469827204001 12.5
  endloop
endfacet
facet normal 0 -0 1
  outer loop
    vertex 12.49999999999992 -24.99999999999999 12.5
    vertex 12.49999999999993 -21.42857142857142 12.5
    vertex 9.387507802655605 -23.06711705731782 12.5
  endloop
endfacet
facet normal 0 0 1
  outer loop
    vertex 5.357142857142857 3.324041311971387e-15 12.5
    vertex 3.528650367162573 -3.226987351859806 12.5
    vertex 7.352913182042063 -2.775023593376917 12.5
  endloop
endfacet
facet normal -0 0 1
  outer loop
    vertex -15.75139615854515 -33.20171056150591 12.5
    vertex -13.2762389570649 -35.67686776298623 12.5
    vertex -12.33739694298605 -32.24823833304507 12.5
  endloop
endfacet
facet normal 0 0 1
  outer loop
    vertex 4.363405487153524 -11.59028047772203 12.5
    vertex 3.306868694591333 -15.60398029004644 12.5
    vertex 6.687193275693744 -14.09954249411231 12.5
  endloop
endfacet
facet normal 0 0 1
  outer loop
    vertex 6.563767527851439 -17.68396707434344 12.5
    vertex 9.469072194262012 -16.05792910843164 12.5
    vertex 6.687193275693744 -14.09954249411231 12.5
  endloop
endfacet
facet normal 0 0 1
  outer loop
    vertex 3.528650367162573 -3.226987351859806 12.5
    vertex 1.785714285714285 2.230606669875536e-15 12.5
    vertex 0.07588476369615722 -2.419873260310187 12.5
  endloop
endfacet
facet normal 0 0 1
  outer loop
    vertex -15.09153747092402 -24.56101867545648 12.5
    vertex -19.22994873392719 -25.00283153262551 12.5
    vertex -16.84236431165363 -27.63512172294012 12.5
  endloop
endfacet
facet normal 0 0 1
  outer loop
    vertex -5.357142857142858 4.373738568383342e-17 12.5
    vertex -8.928571428571431 -1.049697256412018e-15 12.5
    vertex -6.525419693845016 -3.22186410834534 12.5
  endloop
endfacet
facet normal 0 0 1
  outer loop
    vertex -8.928571428571431 -1.049697256412018e-15 12.5
    vertex -10.24088406922669 -3.336712247044313 12.5
    vertex -6.525419693845016 -3.22186410834534 12.5
  endloop
endfacet
facet normal 0 0 1
  outer loop
    vertex 3.306868694591333 -15.60398029004644 12.5
    vertex -0.6546635661784562 -15.56224096581309 12.5
    vertex 1.480990426465231 -18.37504733678866 12.5
  endloop
endfacet
facet normal -0 0 1
  outer loop
    vertex -10.24088406922669 -3.336712247044313 12.5
    vertex -7.662769444640288 -6.520237952915316 12.5
    vertex -6.525419693845016 -3.22186410834534 12.5
  endloop
endfacet
facet normal 0 0 1
  outer loop
    vertex -19.22994873392719 -25.00283153262551 12.5
    vertex -20.70171056150566 -28.25139615854526 12.5
    vertex -16.84236431165363 -27.63512172294012 12.5
  endloop
endfacet
facet normal 0 0 1
  outer loop
    vertex -1.785714285714286 1.137172027779685e-15 12.5
    vertex -3.133013809940953 -2.979245268909504 12.5
    vertex 0.07588476369615722 -2.419873260310187 12.5
  endloop
endfacet
facet normal -0 0 1
  outer loop
    vertex -20.70171056150566 -28.25139615854526 12.5
    vertex -18.22655336002541 -30.72655336002558 12.5
    vertex -16.84236431165363 -27.63512172294012 12.5
  endloop
endfacet
facet normal 0 0 1
  outer loop
    vertex 12.5 5.51091059616309e-15 12.5
    vertex 8.928571428571429 4.417475954067238e-15 12.5
    vertex 9.885532830111151 -2.614467169888838 12.5
  endloop
endfacet
facet normal 0 -0 1
  outer loop
    vertex 12.49999999999999 -3.571428571428562 12.5
    vertex 12.5 5.51091059616309e-15 12.5
    vertex 9.885532830111151 -2.614467169888838 12.5
  endloop
endfacet
facet normal 0 0 1
  outer loop
    vertex 5.725298591977451 -24.35123982251904 12.5
    vertex 9.387507802655605 -23.06711705731782 12.5
    vertex 6.401747728745745 -21.01659923982118 12.5
  endloop
endfacet
facet normal 0 0 1
  outer loop
    vertex -11.20738248658305 -23.99005746634158 12.5
    vertex -13.12179520947405 -27.1372023543903 12.5
    vertex -8.845076145880194 -26.84142194950224 12.5
  endloop
endfacet
facet normal 0 0 1
  outer loop
    vertex 12.49999999999993 -21.42857142857142 12.5
    vertex 9.441694663011555 -19.56186036487564 12.5
    vertex 9.387507802655605 -23.06711705731782 12.5
  endloop
endfacet
facet normal 0 0 1
  outer loop
    vertex -5.335106744978199 -9.637421127011653 12.5
    vertex -1.535789946965389 -9.210333404675723 12.5
    vertex -3.830136553547891 -6.494989181202908 12.5
  endloop
endfacet
facet normal 0 -0 1
  outer loop
    vertex 9.469072194262012 -16.05792910843164 12.5
    vertex 9.590562863910788 -12.49999999999998 12.5
    vertex 6.687193275693744 -14.09954249411231 12.5
  endloop
endfacet
facet normal 0 0 1
  outer loop
    vertex -11.20738248658305 -23.99005746634158 12.5
    vertex -15.09153747092402 -24.56101867545648 12.5
    vertex -13.12179520947405 -27.1372023543903 12.5
  endloop
endfacet
facet normal 0 0 1
  outer loop
    vertex 2.446870060316825 -21.73377129963823 12.5
    vertex 6.401747728745745 -21.01659923982118 12.5
    vertex 4.068513458708827 -19.21035256958062 12.5
  endloop
endfacet
facet normal 0 0 1
  outer loop
    vertex -14.68264053406543 -30.1317282565976 12.5
    vertex -15.75139615854515 -33.20171056150591 12.5
    vertex -12.33739694298605 -32.24823833304507 12.5
  endloop
endfacet
facet normal 0 -0 1
  outer loop
    vertex -8.984517967333744 -30.67532244879808 12.5
    vertex -8.845076145880194 -26.84142194950224 12.5
    vertex -11.73566893485143 -29.65220002868018 12.5
  endloop
endfacet
facet normal 0 0 1
  outer loop
    vertex -7.276591158122265 -22.92279953889137 12.5
    vertex -11.20738248658305 -23.99005746634158 12.5
    vertex -8.845076145880194 -26.84142194950224 12.5
  endloop
endfacet
facet normal 0 0 1
  outer loop
    vertex -5.894335723468966 -19.58779352896415 12.5
    vertex -7.276591158122265 -22.92279953889137 12.5
    vertex -3.901831162999329 -21.93863366220139 12.5
  endloop
endfacet
facet normal 0 0 1
  outer loop
    vertex -1.168162521152171 -23.24742300898262 12.5
    vertex -1.792287110023531 -19.42355872401801 12.5
    vertex -3.901831162999329 -21.93863366220139 12.5
  endloop
endfacet
facet normal 0 -0 1
  outer loop
    vertex -1.596396058952285 -27.17960887867326 12.5
    vertex -1.168162521152171 -23.24742300898262 12.5
    vertex -4.681278691386066 -25.12688322388882 12.5
  endloop
endfacet
facet normal 0 0 1
  outer loop
    vertex 1.785714285714285 2.230606669875536e-15 12.5
    vertex -1.785714285714286 1.137172027779685e-15 12.5
    vertex 0.07588476369615722 -2.419873260310187 12.5
  endloop
endfacet
facet normal 0 0 1
  outer loop
    vertex 6.687193275693744 -14.09954249411231 12.5
    vertex 9.590562863910788 -12.49999999999998 12.5
    vertex 7.155758977977284 -10.84125718611032 12.5
  endloop
endfacet
facet normal 0 0 1
  outer loop
    vertex -3.133013809940953 -2.979245268909504 12.5
    vertex -5.357142857142858 4.373738568383342e-17 12.5
    vertex -6.525419693845016 -3.22186410834534 12.5
  endloop
endfacet
facet normal 0 -0 1
  outer loop
    vertex 9.387507802655605 -23.06711705731782 12.5
    vertex 9.441694663011555 -19.56186036487564 12.5
    vertex 6.401747728745745 -21.01659923982118 12.5
  endloop
endfacet
facet normal -0 0 1
  outer loop
    vertex 4.363405487153524 -11.59028047772203 12.5
    vertex 6.687193275693744 -14.09954249411231 12.5
    vertex 7.155758977977284 -10.84125718611032 12.5
  endloop
endfacet
facet normal 0 0 1
  outer loop
    vertex 9.441694663011555 -19.56186036487564 12.5
    vertex 6.563767527851439 -17.68396707434344 12.5
    vertex 6.401747728745745 -21.01659923982118 12.5
  endloop
endfacet
facet normal 0 0 1
  outer loop
    vertex 2.189189421066306 -8.778544613500536 12.5
    vertex 5.678890158874282 -8.498182967656923 12.5
    vertex 3.677370681515547 -6.277469827204001 12.5
  endloop
endfacet
facet normal 0 0 1
  outer loop
    vertex -18.22655336002541 -30.72655336002558 12.5
    vertex -14.68264053406543 -30.1317282565976 12.5
    vertex -16.84236431165363 -27.63512172294012 12.5
  endloop
endfacet
facet normal 0 0 1
  outer loop
    vertex -12.33739694298605 -32.24823833304507 12.5
    vertex -8.984517967333744 -30.67532244879808 12.5
    vertex -11.73566893485143 -29.65220002868018 12.5
  endloop
endfacet
facet normal 0 0 1
  outer loop
    vertex 8.928571428571429 4.417475954067238e-15 12.5
    vertex 7.352913182042063 -2.775023593376917 12.5
    vertex 9.885532830111151 -2.614467169888838 12.5
  endloop
endfacet
facet normal 0 0 1
  outer loop
    vertex 5.678890158874282 -8.498182967656923 12.5
    vertex 4.363405487153524 -11.59028047772203 12.5
    vertex 7.155758977977284 -10.84125718611032 12.5
  endloop
endfacet
facet normal 0 0 1
  outer loop
    vertex 9.125852730233504 -8.625471225371184 12.5
    vertex 5.678890158874282 -8.498182967656923 12.5
    vertex 7.155758977977284 -10.84125718611032 12.5
  endloop
endfacet
facet normal -0 0 1
  outer loop
    vertex -7.276591158122265 -22.92279953889137 12.5
    vertex -4.681278691386066 -25.12688322388882 12.5
    vertex -3.901831162999329 -21.93863366220139 12.5
  endloop
endfacet
facet normal 0 0 1
  outer loop
    vertex -1.792287110023531 -19.42355872401801 12.5
    vertex -5.894335723468966 -19.58779352896415 12.5
    vertex -3.901831162999329 -21.93863366220139 12.5
  endloop
endfacet
facet normal 0 0 1
  outer loop
    vertex 9.668269659981647 -5.151120621746905 12.5
    vertex 12.49999999999999 -3.571428571428562 12.5
    vertex 9.885532830111151 -2.614467169888838 12.5
  endloop
endfacet
facet normal 0 0 1
  outer loop
    vertex 9.590562863910788 -12.49999999999998 12.5
    vertex 9.125852730233504 -8.625471225371184 12.5
    vertex 7.155758977977284 -10.84125718611032 12.5
  endloop
endfacet
facet normal -0 0 1
  outer loop
    vertex 7.352913182042063 -2.775023593376917 12.5
    vertex 9.668269659981647 -5.151120621746905 12.5
    vertex 9.885532830111151 -2.614467169888838 12.5
  endloop
endfacet
facet normal 0 0 1
  outer loop
    vertex -13.12179520947405 -27.1372023543903 12.5
    vertex -14.68264053406543 -30.1317282565976 12.5
    vertex -11.73566893485143 -29.65220002868018 12.5
  endloop
endfacet
facet normal 0 0 1
  outer loop
    vertex 9.668269659981647 -5.151120621746905 12.5
    vertex 7.352913182042063 -2.775023593376917 12.5
    vertex 6.575035173581925 -5.730049403268337 12.5
  endloop
endfacet
facet normal -0 0 1
  outer loop
    vertex -14.68264053406543 -30.1317282565976 12.5
    vertex -12.33739694298605 -32.24823833304507 12.5
    vertex -11.73566893485143 -29.65220002868018 12.5
  endloop
endfacet
facet normal 0 0 1
  outer loop
    vertex 1.480990426465231 -18.37504733678866 12.5
    vertex 2.446870060316825 -21.73377129963823 12.5
    vertex 4.068513458708827 -19.21035256958062 12.5
  endloop
endfacet
facet normal -0 0 1
  outer loop
    vertex 3.677370681515547 -6.277469827204001 12.5
    vertex 5.678890158874282 -8.498182967656923 12.5
    vertex 6.575035173581925 -5.730049403268337 12.5
  endloop
endfacet
facet normal 0 0 1
  outer loop
    vertex -4.681278691386066 -25.12688322388882 12.5
    vertex -1.168162521152171 -23.24742300898262 12.5
    vertex -3.901831162999329 -21.93863366220139 12.5
  endloop
endfacet
facet normal 0 -0 1
  outer loop
    vertex 6.401747728745745 -21.01659923982118 12.5
    vertex 6.563767527851439 -17.68396707434344 12.5
    vertex 4.068513458708827 -19.21035256958062 12.5
  endloop
endfacet
facet normal 0 0 -1
  outer loop
    vertex -1.792287110023538 -19.42355872401802 -12.5
    vertex 2.446870060316797 -21.73377129963822 -12.5
    vertex -1.168162521152187 -23.24742300898263 -12.5
  endloop
endfacet
facet normal 0 0 -1
  outer loop
    vertex -1.792287110023538 -19.42355872401802 -12.5
    vertex 1.480990426465224 -18.37504733678866 -12.5
    vertex 2.446870060316797 -21.73377129963822 -12.5
  endloop
endfacet
facet normal 0 -0 -1
  outer loop
    vertex -21.65160093970222 -22.09391910605566 -12.5
    vertex -19.22994873392719 -25.00283153262551 -12.5
    vertex -23.17686776298592 -25.77623895706494 -12.5
  endloop
endfacet
facet normal 0 0 -1
  outer loop
    vertex -8.845076145880199 -26.84142194950224 -12.5
    vertex -4.681278691386074 -25.12688322388883 -12.5
    vertex -5.391359146055058 -28.67471816894311 -12.5
  endloop
endfacet
facet normal 0 0 -1
  outer loop
    vertex -23.17686776298592 -25.77623895706494 -12.5
    vertex -19.22994873392719 -25.00283153262551 -12.5
    vertex -20.70171056150566 -28.25139615854526 -12.5
  endloop
endfacet
facet normal 0 0 -1
  outer loop
    vertex -7.662769444640282 -6.520237952915317 -12.5
    vertex -6.525419693845014 -3.221864108345342 -12.5
    vertex -3.830136553547876 -6.494989181202913 -12.5
  endloop
endfacet
facet normal 0 -0 -1
  outer loop
    vertex -12.5 -2.143131898507868e-15 -12.5
    vertex -10.24088406922669 -3.336712247044313 -12.5
    vertex -14.0252668232837 -3.682319851009278 -12.5
  endloop
endfacet
facet normal 0 0 -1
  outer loop
    vertex -3.830136553547876 -6.494989181202913 -12.5
    vertex -6.525419693845014 -3.221864108345342 -12.5
    vertex -3.133013809940951 -2.979245268909506 -12.5
  endloop
endfacet
facet normal 0 0 -1
  outer loop
    vertex -8.928571428571431 -1.049697256412018e-15 -12.5
    vertex -10.24088406922669 -3.336712247044313 -12.5
    vertex -12.5 -2.143131898507868e-15 -12.5
  endloop
endfacet
facet normal 0 -0 -1
  outer loop
    vertex -7.276591158122274 -22.92279953889137 -12.5
    vertex -4.681278691386074 -25.12688322388883 -12.5
    vertex -8.845076145880199 -26.84142194950224 -12.5
  endloop
endfacet
facet normal -0 0 -1
  outer loop
    vertex 6.563767527851441 -17.68396707434345 -12.5
    vertex 4.068513458708822 -19.21035256958063 -12.5
    vertex 3.306868694591333 -15.60398029004644 -12.5
  endloop
endfacet
facet normal -0 0 -1
  outer loop
    vertex 0.1355567886514838 -5.618380455146486 -12.5
    vertex -3.830136553547876 -6.494989181202913 -12.5
    vertex -3.133013809940951 -2.979245268909506 -12.5
  endloop
endfacet
facet normal -0 0 -1
  outer loop
    vertex -13.12179520947406 -27.1372023543903 -12.5
    vertex -16.84236431165363 -27.63512172294012 -12.5
    vertex -15.09153747092403 -24.56101867545648 -12.5
  endloop
endfacet
facet normal 0 -0 -1
  outer loop
    vertex 3.528650367162572 -3.226987351859809 -12.5
    vertex 3.677370681515545 -6.277469827204003 -12.5
    vertex 0.1355567886514838 -5.618380455146486 -12.5
  endloop
endfacet
facet normal 0 0 -1
  outer loop
    vertex 0.1355567886514838 -5.618380455146486 -12.5
    vertex 0.07588476369615753 -2.419873260310188 -12.5
    vertex 3.528650367162572 -3.226987351859809 -12.5
  endloop
endfacet
facet normal 0 0 -1
  outer loop
    vertex -14.68264053406544 -30.13172825659759 -12.5
    vertex -16.84236431165363 -27.63512172294012 -12.5
    vertex -13.12179520947406 -27.1372023543903 -12.5
  endloop
endfacet
facet normal 0 -0 -1
  outer loop
    vertex 3.306868694591333 -15.60398029004644 -12.5
    vertex 4.068513458708822 -19.21035256958063 -12.5
    vertex 1.480990426465224 -18.37504733678866 -12.5
  endloop
endfacet
facet normal 0 0 -1
  outer loop
    vertex -3.133013809940951 -2.979245268909506 -12.5
    vertex 0.07588476369615753 -2.419873260310188 -12.5
    vertex 0.1355567886514838 -5.618380455146486 -12.5
  endloop
endfacet
facet normal 0 0 -1
  outer loop
    vertex 3.306868694591333 -15.60398029004644 -12.5
    vertex 6.687193275693746 -14.09954249411231 -12.5
    vertex 6.563767527851441 -17.68396707434345 -12.5
  endloop
endfacet
facet normal 0 0 -1
  outer loop
    vertex -13.65837043347052 -20.96470174232241 -12.5
    vertex -15.09153747092403 -24.56101867545648 -12.5
    vertex -17.56291326273652 -21.52054152071221 -12.5
  endloop
endfacet
facet normal 0 -0 -1
  outer loop
    vertex -11.56491757108146 -6.943628590182358 -12.5
    vertex -9.180575667817035 -10.06166460436739 -12.5
    vertex -13.11568931847047 -10.53697602068011 -12.5
  endloop
endfacet
facet normal 0 0 -1
  outer loop
    vertex -17.56291326273652 -21.52054152071221 -12.5
    vertex -19.22994873392719 -25.00283153262551 -12.5
    vertex -21.65160093970222 -22.09391910605566 -12.5
  endloop
endfacet
facet normal 0 0 -1
  outer loop
    vertex -11.56491757108146 -6.943628590182358 -12.5
    vertex -7.662769444640282 -6.520237952915317 -12.5
    vertex -9.180575667817035 -10.06166460436739 -12.5
  endloop
endfacet
facet normal 0 0 -1
  outer loop
    vertex 9.125852730233504 -8.625471225371184 -12.5
    vertex 6.575035173581924 -5.730049403268337 -12.5
    vertex 9.668269659981647 -5.151120621746905 -12.5
  endloop
endfacet
facet normal 0 0 -1
  outer loop
    vertex -14.0252668232837 -3.682319851009278 -12.5
    vertex -10.24088406922669 -3.336712247044313 -12.5
    vertex -11.56491757108146 -6.943628590182358 -12.5
  endloop
endfacet
facet normal 0 0 -1
  outer loop
    vertex 0.7633949544653282 -12.08724861364951 -12.5
    vertex -1.535789946965386 -9.210333404675726 -12.5
    vertex 2.189189421066305 -8.778544613500539 -12.5
  endloop
endfacet
facet normal 0 0 -1
  outer loop
    vertex 5.67889015887428 -8.498182967656923 -12.5
    vertex 6.575035173581924 -5.730049403268337 -12.5
    vertex 9.125852730233504 -8.625471225371184 -12.5
  endloop
endfacet
facet normal 0 0 -1
  outer loop
    vertex -17.56291326273652 -21.52054152071221 -12.5
    vertex -16.13314122130642 -17.85341589868321 -12.5
    vertex -13.65837043347052 -20.96470174232241 -12.5
  endloop
endfacet
facet normal 0 0 -1
  outer loop
    vertex -1.535789946965386 -9.210333404675726 -12.5
    vertex 0.1355567886514838 -5.618380455146486 -12.5
    vertex 2.189189421066305 -8.778544613500539 -12.5
  endloop
endfacet
facet normal 0 0 -1
  outer loop
    vertex -13.11568931847047 -10.53697602068011 -12.5
    vertex -9.180575667817035 -10.06166460436739 -12.5
    vertex -10.70156819693276 -13.65152398027238 -12.5
  endloop
endfacet
facet normal 0 0 -1
  outer loop
    vertex -2.992966170910719 -12.58753766592039 -12.5
    vertex -1.535789946965386 -9.210333404675726 -12.5
    vertex 0.7633949544653282 -12.08724861364951 -12.5
  endloop
endfacet
facet normal 0 0 -1
  outer loop
    vertex 5.135360297981402 -28.05053364656749 -12.5
    vertex 5.725298591977446 -24.35123982251904 -12.5
    vertex 8.817680148990663 -26.52526682328374 -12.5
  endloop
endfacet
facet normal -0 0 -1
  outer loop
    vertex -11.20738248658306 -23.99005746634158 -12.5
    vertex -15.09153747092403 -24.56101867545648 -12.5
    vertex -13.65837043347052 -20.96470174232241 -12.5
  endloop
endfacet
facet normal 0 0 -1
  outer loop
    vertex -5.335106744978193 -9.637421127011658 -12.5
    vertex -1.535789946965386 -9.210333404675726 -12.5
    vertex -2.992966170910719 -12.58753766592039 -12.5
  endloop
endfacet
facet normal 0 0 -1
  outer loop
    vertex -2.992966170910719 -12.58753766592039 -12.5
    vertex 0.7633949544653282 -12.08724861364951 -12.5
    vertex -0.6546635661784561 -15.56224096581309 -12.5
  endloop
endfacet
facet normal 0 0 -1
  outer loop
    vertex 0.7633949544653282 -12.08724861364951 -12.5
    vertex 4.363405487153524 -11.59028047772203 -12.5
    vertex 3.306868694591333 -15.60398029004644 -12.5
  endloop
endfacet
facet normal 0 -0 -1
  outer loop
    vertex -13.11568931847047 -10.53697602068011 -12.5
    vertex -10.70156819693276 -13.65152398027238 -12.5
    vertex -14.64852755085315 -14.18572055468189 -12.5
  endloop
endfacet
facet normal 0 0 -1
  outer loop
    vertex -6.816257196194652 -13.12243599978762 -12.5
    vertex -2.992966170910719 -12.58753766592039 -12.5
    vertex -4.433428251567222 -16.17352883131553 -12.5
  endloop
endfacet
facet normal -0 0 -1
  outer loop
    vertex -12.20163467122502 -17.3086529152993 -12.5
    vertex -16.13314122130642 -17.85341589868321 -12.5
    vertex -14.64852755085315 -14.18572055468189 -12.5
  endloop
endfacet
facet normal 0 0 -1
  outer loop
    vertex -13.65837043347052 -20.96470174232241 -12.5
    vertex -16.13314122130642 -17.85341589868321 -12.5
    vertex -12.20163467122502 -17.3086529152993 -12.5
  endloop
endfacet
facet normal 0 0 -1
  outer loop
    vertex -6.816257196194652 -13.12243599978762 -12.5
    vertex -5.335106744978193 -9.637421127011658 -12.5
    vertex -2.992966170910719 -12.58753766592039 -12.5
  endloop
endfacet
facet normal 0 0 -1
  outer loop
    vertex -1.168162521152187 -23.24742300898263 -12.5
    vertex 2.446870060316797 -21.73377129963822 -12.5
    vertex 1.955602389300245 -25.64099069065657 -12.5
  endloop
endfacet
facet normal 0 -0 -1
  outer loop
    vertex 0.7633949544653282 -12.08724861364951 -12.5
    vertex 3.306868694591333 -15.60398029004644 -12.5
    vertex -0.6546635661784561 -15.56224096581309 -12.5
  endloop
endfacet
facet normal 0 0 -1
  outer loop
    vertex 2.189189421066305 -8.778544613500539 -12.5
    vertex 5.67889015887428 -8.498182967656923 -12.5
    vertex 4.363405487153524 -11.59028047772203 -12.5
  endloop
endfacet
facet normal 0 0 -1
  outer loop
    vertex -17.07580046985111 -11.04695955302783 -12.5
    vertex -13.11568931847047 -10.53697602068011 -12.5
    vertex -14.64852755085315 -14.18572055468189 -12.5
  endloop
endfacet
facet normal 0 -0 -1
  outer loop
    vertex -14.0252668232837 -3.682319851009278 -12.5
    vertex -11.56491757108146 -6.943628590182358 -12.5
    vertex -15.55053364656741 -7.364639702018554 -12.5
  endloop
endfacet
facet normal 0 0 -1
  outer loop
    vertex -5.911599255046376 -32.62633411641873 -12.5
    vertex -8.984517967333746 -30.67532244879808 -12.5
    vertex -5.391359146055058 -28.67471816894311 -12.5
  endloop
endfacet
facet normal 0 -0 -1
  outer loop
    vertex -2.992966170910719 -12.58753766592039 -12.5
    vertex -0.6546635661784561 -15.56224096581309 -12.5
    vertex -4.433428251567222 -16.17352883131553 -12.5
  endloop
endfacet
facet normal 0 0 -1
  outer loop
    vertex -9.593919106055637 -34.15160093970248 -12.5
    vertex -8.984517967333746 -30.67532244879808 -12.5
    vertex -5.911599255046376 -32.62633411641873 -12.5
  endloop
endfacet
facet normal 0 0 -1
  outer loop
    vertex 0.7633949544653282 -12.08724861364951 -12.5
    vertex 2.189189421066305 -8.778544613500539 -12.5
    vertex 4.363405487153524 -11.59028047772203 -12.5
  endloop
endfacet
facet normal 0 0 -1
  outer loop
    vertex -9.756951786239764 -20.38212268741211 -12.5
    vertex -11.20738248658306 -23.99005746634158 -12.5
    vertex -13.65837043347052 -20.96470174232241 -12.5
  endloop
endfacet
facet normal 0 0 -1
  outer loop
    vertex -10.70156819693276 -13.65152398027238 -12.5
    vertex -6.816257196194652 -13.12243599978762 -12.5
    vertex -8.296668916706601 -16.72942359380757 -12.5
  endloop
endfacet
facet normal 0 -0 -1
  outer loop
    vertex -6.816257196194652 -13.12243599978762 -12.5
    vertex -4.433428251567222 -16.17352883131553 -12.5
    vertex -8.296668916706601 -16.72942359380757 -12.5
  endloop
endfacet
facet normal 0 0 -1
  outer loop
    vertex -20.12633411641852 -18.41159925504638 -12.5
    vertex -16.13314122130642 -17.85341589868321 -12.5
    vertex -17.56291326273652 -21.52054152071221 -12.5
  endloop
endfacet
facet normal 0 0 -1
  outer loop
    vertex -11.56491757108146 -6.943628590182358 -12.5
    vertex -13.11568931847047 -10.53697602068011 -12.5
    vertex -15.55053364656741 -7.364639702018554 -12.5
  endloop
endfacet
facet normal 0 0 -1
  outer loop
    vertex -14.64852755085315 -14.18572055468189 -12.5
    vertex -16.13314122130642 -17.85341589868321 -12.5
    vertex -18.60106729313481 -14.7292794040371 -12.5
  endloop
endfacet
facet normal 0 0 -1
  outer loop
    vertex 1.453040446972144 -29.57580046985124 -12.5
    vertex 1.955602389300245 -25.64099069065657 -12.5
    vertex 5.135360297981402 -28.05053364656749 -12.5
  endloop
endfacet
facet normal 0 -0 -1
  outer loop
    vertex -20.12633411641852 -18.41159925504638 -12.5
    vertex -17.56291326273652 -21.52054152071221 -12.5
    vertex -21.65160093970222 -22.09391910605566 -12.5
  endloop
endfacet
facet normal 0 0 -1
  outer loop
    vertex -5.391359146055058 -28.67471816894311 -12.5
    vertex -1.596396058952291 -27.17960887867327 -12.5
    vertex -2.229279404037117 -31.10106729313499 -12.5
  endloop
endfacet
facet normal 0 0 -1
  outer loop
    vertex -1.596396058952291 -27.17960887867327 -12.5
    vertex -1.168162521152187 -23.24742300898263 -12.5
    vertex 1.955602389300245 -25.64099069065657 -12.5
  endloop
endfacet
facet normal 0 -0 -1
  outer loop
    vertex -18.60106729313481 -14.7292794040371 -12.5
    vertex -16.13314122130642 -17.85341589868321 -12.5
    vertex -20.12633411641852 -18.41159925504638 -12.5
  endloop
endfacet
facet normal 0 0 -1
  outer loop
    vertex 1.453040446972144 -29.57580046985124 -12.5
    vertex -1.596396058952291 -27.17960887867327 -12.5
    vertex 1.955602389300245 -25.64099069065657 -12.5
  endloop
endfacet
facet normal 0 0 -1
  outer loop
    vertex 1.955602389300245 -25.64099069065657 -12.5
    vertex 5.725298591977446 -24.35123982251904 -12.5
    vertex 5.135360297981402 -28.05053364656749 -12.5
  endloop
endfacet
facet normal 0 0 -1
  outer loop
    vertex -10.70156819693276 -13.65152398027238 -12.5
    vertex -9.180575667817035 -10.06166460436739 -12.5
    vertex -6.816257196194652 -13.12243599978762 -12.5
  endloop
endfacet
facet normal 0 0 -1
  outer loop
    vertex -10.70156819693276 -13.65152398027238 -12.5
    vertex -12.20163467122502 -17.3086529152993 -12.5
    vertex -14.64852755085315 -14.18572055468189 -12.5
  endloop
endfacet
facet normal 0 -0 -1
  outer loop
    vertex -10.70156819693276 -13.65152398027238 -12.5
    vertex -8.296668916706601 -16.72942359380757 -12.5
    vertex -12.20163467122502 -17.3086529152993 -12.5
  endloop
endfacet
facet normal 0 0 -1
  outer loop
    vertex -9.180575667817035 -10.06166460436739 -12.5
    vertex -7.662769444640282 -6.520237952915317 -12.5
    vertex -5.335106744978193 -9.637421127011658 -12.5
  endloop
endfacet
facet normal 0 -0 -1
  outer loop
    vertex 2.446870060316797 -21.73377129963822 -12.5
    vertex 5.725298591977446 -24.35123982251904 -12.5
    vertex 1.955602389300245 -25.64099069065657 -12.5
  endloop
endfacet
facet normal 0 -0 -1
  outer loop
    vertex -15.55053364656741 -7.364639702018554 -12.5
    vertex -13.11568931847047 -10.53697602068011 -12.5
    vertex -17.07580046985111 -11.04695955302783 -12.5
  endloop
endfacet
facet normal 0 0 -1
  outer loop
    vertex -9.756951786239764 -20.38212268741211 -12.5
    vertex -5.894335723468973 -19.58779352896416 -12.5
    vertex -7.276591158122274 -22.92279953889137 -12.5
  endloop
endfacet
facet normal 0 -0 -1
  outer loop
    vertex -17.07580046985111 -11.04695955302783 -12.5
    vertex -14.64852755085315 -14.18572055468189 -12.5
    vertex -18.60106729313481 -14.7292794040371 -12.5
  endloop
endfacet
facet normal 0 0 -1
  outer loop
    vertex -2.229279404037117 -31.10106729313499 -12.5
    vertex -1.596396058952291 -27.17960887867327 -12.5
    vertex 1.453040446972144 -29.57580046985124 -12.5
  endloop
endfacet
facet normal 0 -0 -1
  outer loop
    vertex -9.756951786239764 -20.38212268741211 -12.5
    vertex -7.276591158122274 -22.92279953889137 -12.5
    vertex -11.20738248658306 -23.99005746634158 -12.5
  endloop
endfacet
facet normal 0 0 -1
  outer loop
    vertex -1.535789946965386 -9.210333404675726 -12.5
    vertex -3.830136553547876 -6.494989181202913 -12.5
    vertex 0.1355567886514838 -5.618380455146486 -12.5
  endloop
endfacet
facet normal 0 0 -1
  outer loop
    vertex -5.911599255046376 -32.62633411641873 -12.5
    vertex -5.391359146055058 -28.67471816894311 -12.5
    vertex -2.229279404037117 -31.10106729313499 -12.5
  endloop
endfacet
facet normal 0 0 -1
  outer loop
    vertex 12.49999999999998 -7.142857142857135 -12.5
    vertex 9.668269659981647 -5.151120621746905 -12.5
    vertex 12.49999999999999 -3.571428571428562 -12.5
  endloop
endfacet
facet normal -0 0 -1
  outer loop
    vertex -15.09153747092403 -24.56101867545648 -12.5
    vertex -19.22994873392719 -25.00283153262551 -12.5
    vertex -17.56291326273652 -21.52054152071221 -12.5
  endloop
endfacet
facet normal 0 0 -1
  outer loop
    vertex -8.296668916706601 -16.72942359380757 -12.5
    vertex -9.756951786239764 -20.38212268741211 -12.5
    vertex -12.20163467122502 -17.3086529152993 -12.5
  endloop
endfacet
facet normal -0 0 -1
  outer loop
    vertex -9.756951786239764 -20.38212268741211 -12.5
    vertex -13.65837043347052 -20.96470174232241 -12.5
    vertex -12.20163467122502 -17.3086529152993 -12.5
  endloop
endfacet
facet normal 0 0 -1
  outer loop
    vertex -6.816257196194652 -13.12243599978762 -12.5
    vertex -9.180575667817035 -10.06166460436739 -12.5
    vertex -5.335106744978193 -9.637421127011658 -12.5
  endloop
endfacet
facet normal 0 0 -1
  outer loop
    vertex 5.357142857142857 3.324041311971387e-15 -12.5
    vertex 3.528650367162572 -3.226987351859809 -12.5
    vertex 1.785714285714285 2.230606669875536e-15 -12.5
  endloop
endfacet
facet normal 0 0 -1
  outer loop
    vertex 12.49999999999996 -10.71428571428571 -12.5
    vertex 9.125852730233504 -8.625471225371184 -12.5
    vertex 12.49999999999998 -7.142857142857135 -12.5
  endloop
endfacet
facet normal -0 0 -1
  outer loop
    vertex 12.49999999999998 -7.142857142857135 -12.5
    vertex 9.125852730233504 -8.625471225371184 -12.5
    vertex 9.668269659981647 -5.151120621746905 -12.5
  endloop
endfacet
facet normal 0 0 -1
  outer loop
    vertex 12.49999999999995 -14.28571428571428 -12.5
    vertex 9.59056286391079 -12.49999999999998 -12.5
    vertex 12.49999999999996 -10.71428571428571 -12.5
  endloop
endfacet
facet normal 0 0 -1
  outer loop
    vertex -0.6546635661784561 -15.56224096581309 -12.5
    vertex -1.792287110023538 -19.42355872401802 -12.5
    vertex -4.433428251567222 -16.17352883131553 -12.5
  endloop
endfacet
facet normal 0 0 -1
  outer loop
    vertex -11.56491757108146 -6.943628590182358 -12.5
    vertex -10.24088406922669 -3.336712247044313 -12.5
    vertex -7.662769444640282 -6.520237952915317 -12.5
  endloop
endfacet
facet normal 0 0 -1
  outer loop
    vertex 5.725298591977446 -24.35123982251904 -12.5
    vertex 9.387507802655609 -23.06711705731782 -12.5
    vertex 8.817680148990663 -26.52526682328374 -12.5
  endloop
endfacet
facet normal 0 0 -1
  outer loop
    vertex 9.59056286391079 -12.49999999999998 -12.5
    vertex 9.125852730233504 -8.625471225371184 -12.5
    vertex 12.49999999999996 -10.71428571428571 -12.5
  endloop
endfacet
facet normal 0 -0 -1
  outer loop
    vertex -8.296668916706601 -16.72942359380757 -12.5
    vertex -5.894335723468973 -19.58779352896416 -12.5
    vertex -9.756951786239764 -20.38212268741211 -12.5
  endloop
endfacet
facet normal 0 0 -1
  outer loop
    vertex 12.49999999999994 -17.85714285714285 -12.5
    vertex 9.469072194262013 -16.05792910843164 -12.5
    vertex 12.49999999999995 -14.28571428571428 -12.5
  endloop
endfacet
facet normal 0 0 -1
  outer loop
    vertex -4.433428251567222 -16.17352883131553 -12.5
    vertex -5.894335723468973 -19.58779352896416 -12.5
    vertex -8.296668916706601 -16.72942359380757 -12.5
  endloop
endfacet
facet normal 0 0 -1
  outer loop
    vertex 7.352913182042063 -2.775023593376917 -12.5
    vertex 6.575035173581924 -5.730049403268337 -12.5
    vertex 3.528650367162572 -3.226987351859809 -12.5
  endloop
endfacet
facet normal -0 0 -1
  outer loop
    vertex 12.49999999999995 -14.28571428571428 -12.5
    vertex 9.469072194262013 -16.05792910843164 -12.5
    vertex 9.59056286391079 -12.49999999999998 -12.5
  endloop
endfacet
facet normal 0 0 -1
  outer loop
    vertex -1.785714285714286 1.137172027779685e-15 -12.5
    vertex -3.133013809940951 -2.979245268909506 -12.5
    vertex -5.357142857142858 4.373738568383342e-17 -12.5
  endloop
endfacet
facet normal -0 0 -1
  outer loop
    vertex -1.792287110023538 -19.42355872401802 -12.5
    vertex -5.894335723468973 -19.58779352896416 -12.5
    vertex -4.433428251567222 -16.17352883131553 -12.5
  endloop
endfacet
facet normal 0 0 -1
  outer loop
    vertex 12.49999999999993 -21.42857142857142 -12.5
    vertex 9.441694663011557 -19.56186036487564 -12.5
    vertex 12.49999999999994 -17.85714285714285 -12.5
  endloop
endfacet
facet normal 0 0 -1
  outer loop
    vertex 2.446870060316797 -21.73377129963822 -12.5
    vertex 6.401747728745747 -21.01659923982118 -12.5
    vertex 5.725298591977446 -24.35123982251904 -12.5
  endloop
endfacet
facet normal 0 0 -1
  outer loop
    vertex -18.22655336002541 -30.72655336002558 -12.5
    vertex -14.68264053406544 -30.13172825659759 -12.5
    vertex -15.75139615854515 -33.20171056150591 -12.5
  endloop
endfacet
facet normal 0 0 -1
  outer loop
    vertex 3.528650367162572 -3.226987351859809 -12.5
    vertex 6.575035173581924 -5.730049403268337 -12.5
    vertex 3.677370681515545 -6.277469827204003 -12.5
  endloop
endfacet
facet normal 0 0 -1
  outer loop
    vertex 9.441694663011557 -19.56186036487564 -12.5
    vertex 9.469072194262013 -16.05792910843164 -12.5
    vertex 12.49999999999994 -17.85714285714285 -12.5
  endloop
endfacet
facet normal 0 0 -1
  outer loop
    vertex 8.928571428571429 4.417475954067238e-15 -12.5
    vertex 7.352913182042063 -2.775023593376917 -12.5
    vertex 5.357142857142857 3.324041311971387e-15 -12.5
  endloop
endfacet
facet normal 0 0 -1
  outer loop
    vertex 9.441694663011557 -19.56186036487564 -12.5
    vertex 6.563767527851441 -17.68396707434345 -12.5
    vertex 9.469072194262013 -16.05792910843164 -12.5
  endloop
endfacet
facet normal 0 0 -1
  outer loop
    vertex -7.662769444640282 -6.520237952915317 -12.5
    vertex -3.830136553547876 -6.494989181202913 -12.5
    vertex -5.335106744978193 -9.637421127011658 -12.5
  endloop
endfacet
facet normal 0 0 -1
  outer loop
    vertex -9.593919106055637 -34.15160093970248 -12.5
    vertex -12.33739694298605 -32.24823833304507 -12.5
    vertex -8.984517967333746 -30.67532244879808 -12.5
  endloop
endfacet
facet normal 0 0 -1
  outer loop
    vertex -8.984517967333746 -30.67532244879808 -12.5
    vertex -8.845076145880199 -26.84142194950224 -12.5
    vertex -5.391359146055058 -28.67471816894311 -12.5
  endloop
endfacet
facet normal 0 0 -1
  outer loop
    vertex -8.845076145880199 -26.84142194950224 -12.5
    vertex -11.73566893485143 -29.65220002868017 -12.5
    vertex -13.12179520947406 -27.1372023543903 -12.5
  endloop
endfacet
facet normal 0 -0 -1
  outer loop
    vertex -0.6546635661784561 -15.56224096581309 -12.5
    vertex 1.480990426465224 -18.37504733678866 -12.5
    vertex -1.792287110023538 -19.42355872401802 -12.5
  endloop
endfacet
facet normal 0 0 -1
  outer loop
    vertex 8.817680148990663 -26.52526682328374 -12.5
    vertex 9.387507802655609 -23.06711705731782 -12.5
    vertex 12.49999999999992 -24.99999999999999 -12.5
  endloop
endfacet
facet normal 0 0 -1
  outer loop
    vertex -13.2762389570649 -35.67686776298623 -12.5
    vertex -12.33739694298605 -32.24823833304507 -12.5
    vertex -9.593919106055637 -34.15160093970248 -12.5
  endloop
endfacet
facet normal 0 0 -1
  outer loop
    vertex -5.391359146055058 -28.67471816894311 -12.5
    vertex -4.681278691386074 -25.12688322388883 -12.5
    vertex -1.596396058952291 -27.17960887867327 -12.5
  endloop
endfacet
facet normal 0 0 -1
  outer loop
    vertex 0.1355567886514838 -5.618380455146486 -12.5
    vertex 3.677370681515545 -6.277469827204003 -12.5
    vertex 2.189189421066305 -8.778544613500539 -12.5
  endloop
endfacet
facet normal 0 0 -1
  outer loop
    vertex 12.49999999999992 -24.99999999999999 -12.5
    vertex 9.387507802655609 -23.06711705731782 -12.5
    vertex 12.49999999999993 -21.42857142857142 -12.5
  endloop
endfacet
facet normal 0 -0 -1
  outer loop
    vertex 5.357142857142857 3.324041311971387e-15 -12.5
    vertex 7.352913182042063 -2.775023593376917 -12.5
    vertex 3.528650367162572 -3.226987351859809 -12.5
  endloop
endfacet
facet normal 0 0 -1
  outer loop
    vertex -15.75139615854515 -33.20171056150591 -12.5
    vertex -12.33739694298605 -32.24823833304507 -12.5
    vertex -13.2762389570649 -35.67686776298623 -12.5
  endloop
endfacet
facet normal 0 -0 -1
  outer loop
    vertex 4.363405487153524 -11.59028047772203 -12.5
    vertex 6.687193275693746 -14.09954249411231 -12.5
    vertex 3.306868694591333 -15.60398029004644 -12.5
  endloop
endfacet
facet normal 0 0 -1
  outer loop
    vertex 6.563767527851441 -17.68396707434345 -12.5
    vertex 6.687193275693746 -14.09954249411231 -12.5
    vertex 9.469072194262013 -16.05792910843164 -12.5
  endloop
endfacet
facet normal 0 0 -1
  outer loop
    vertex 3.528650367162572 -3.226987351859809 -12.5
    vertex 0.07588476369615753 -2.419873260310188 -12.5
    vertex 1.785714285714285 2.230606669875536e-15 -12.5
  endloop
endfacet
facet normal 0 0 -1
  outer loop
    vertex -15.09153747092403 -24.56101867545648 -12.5
    vertex -16.84236431165363 -27.63512172294012 -12.5
    vertex -19.22994873392719 -25.00283153262551 -12.5
  endloop
endfacet
facet normal 0 0 -1
  outer loop
    vertex -5.357142857142858 4.373738568383342e-17 -12.5
    vertex -6.525419693845014 -3.221864108345342 -12.5
    vertex -8.928571428571431 -1.049697256412018e-15 -12.5
  endloop
endfacet
facet normal 0 -0 -1
  outer loop
    vertex -8.928571428571431 -1.049697256412018e-15 -12.5
    vertex -6.525419693845014 -3.221864108345342 -12.5
    vertex -10.24088406922669 -3.336712247044313 -12.5
  endloop
endfacet
facet normal -0 0 -1
  outer loop
    vertex 3.306868694591333 -15.60398029004644 -12.5
    vertex 1.480990426465224 -18.37504733678866 -12.5
    vertex -0.6546635661784561 -15.56224096581309 -12.5
  endloop
endfacet
facet normal 0 0 -1
  outer loop
    vertex -10.24088406922669 -3.336712247044313 -12.5
    vertex -6.525419693845014 -3.221864108345342 -12.5
    vertex -7.662769444640282 -6.520237952915317 -12.5
  endloop
endfacet
facet normal 0 -0 -1
  outer loop
    vertex -19.22994873392719 -25.00283153262551 -12.5
    vertex -16.84236431165363 -27.63512172294012 -12.5
    vertex -20.70171056150566 -28.25139615854526 -12.5
  endloop
endfacet
facet normal 0 -0 -1
  outer loop
    vertex -1.785714285714286 1.137172027779685e-15 -12.5
    vertex 0.07588476369615753 -2.419873260310188 -12.5
    vertex -3.133013809940951 -2.979245268909506 -12.5
  endloop
endfacet
facet normal 0 0 -1
  outer loop
    vertex -20.70171056150566 -28.25139615854526 -12.5
    vertex -16.84236431165363 -27.63512172294012 -12.5
    vertex -18.22655336002541 -30.72655336002558 -12.5
  endloop
endfacet
facet normal 0 0 -1
  outer loop
    vertex 12.5 5.51091059616309e-15 -12.5
    vertex 9.885532830111151 -2.614467169888838 -12.5
    vertex 8.928571428571429 4.417475954067238e-15 -12.5
  endloop
endfacet
facet normal 0 0 -1
  outer loop
    vertex 12.49999999999999 -3.571428571428562 -12.5
    vertex 9.885532830111151 -2.614467169888838 -12.5
    vertex 12.5 5.51091059616309e-15 -12.5
  endloop
endfacet
facet normal 0 0 -1
  outer loop
    vertex 5.725298591977446 -24.35123982251904 -12.5
    vertex 6.401747728745747 -21.01659923982118 -12.5
    vertex 9.387507802655609 -23.06711705731782 -12.5
  endloop
endfacet
facet normal 0 -0 -1
  outer loop
    vertex -11.20738248658306 -23.99005746634158 -12.5
    vertex -8.845076145880199 -26.84142194950224 -12.5
    vertex -13.12179520947406 -27.1372023543903 -12.5
  endloop
endfacet
facet normal -0 0 -1
  outer loop
    vertex 12.49999999999993 -21.42857142857142 -12.5
    vertex 9.387507802655609 -23.06711705731782 -12.5
    vertex 9.441694663011557 -19.56186036487564 -12.5
  endloop
endfacet
facet normal 0 0 -1
  outer loop
    vertex -5.335106744978193 -9.637421127011658 -12.5
    vertex -3.830136553547876 -6.494989181202913 -12.5
    vertex -1.535789946965386 -9.210333404675726 -12.5
  endloop
endfacet
facet normal 0 0 -1
  outer loop
    vertex 9.469072194262013 -16.05792910843164 -12.5
    vertex 6.687193275693746 -14.09954249411231 -12.5
    vertex 9.59056286391079 -12.49999999999998 -12.5
  endloop
endfacet
facet normal 0 0 -1
  outer loop
    vertex -11.20738248658306 -23.99005746634158 -12.5
    vertex -13.12179520947406 -27.1372023543903 -12.5
    vertex -15.09153747092403 -24.56101867545648 -12.5
  endloop
endfacet
facet normal 0 0 -1
  outer loop
    vertex 2.446870060316797 -21.73377129963822 -12.5
    vertex 4.068513458708822 -19.21035256958063 -12.5
    vertex 6.401747728745747 -21.01659923982118 -12.5
  endloop
endfacet
facet normal 0 -0 -1
  outer loop
    vertex -14.68264053406544 -30.13172825659759 -12.5
    vertex -12.33739694298605 -32.24823833304507 -12.5
    vertex -15.75139615854515 -33.20171056150591 -12.5
  endloop
endfacet
facet normal 0 0 -1
  outer loop
    vertex -8.984517967333746 -30.67532244879808 -12.5
    vertex -11.73566893485143 -29.65220002868017 -12.5
    vertex -8.845076145880199 -26.84142194950224 -12.5
  endloop
endfacet
facet normal 0 0 -1
  outer loop
    vertex -7.276591158122274 -22.92279953889137 -12.5
    vertex -8.845076145880199 -26.84142194950224 -12.5
    vertex -11.20738248658306 -23.99005746634158 -12.5
  endloop
endfacet
facet normal 0 -0 -1
  outer loop
    vertex -5.894335723468973 -19.58779352896416 -12.5
    vertex -3.901831162999342 -21.9386336622014 -12.5
    vertex -7.276591158122274 -22.92279953889137 -12.5
  endloop
endfacet
facet normal 0 0 -1
  outer loop
    vertex -1.168162521152187 -23.24742300898263 -12.5
    vertex -3.901831162999342 -21.9386336622014 -12.5
    vertex -1.792287110023538 -19.42355872401802 -12.5
  endloop
endfacet
facet normal 0 0 -1
  outer loop
    vertex -1.596396058952291 -27.17960887867327 -12.5
    vertex -4.681278691386074 -25.12688322388883 -12.5
    vertex -1.168162521152187 -23.24742300898263 -12.5
  endloop
endfacet
facet normal 0 0 -1
  outer loop
    vertex 1.785714285714285 2.230606669875536e-15 -12.5
    vertex 0.07588476369615753 -2.419873260310188 -12.5
    vertex -1.785714285714286 1.137172027779685e-15 -12.5
  endloop
endfacet
facet normal 0 0 -1
  outer loop
    vertex 6.687193275693746 -14.09954249411231 -12.5
    vertex 7.155758977977283 -10.84125718611032 -12.5
    vertex 9.59056286391079 -12.49999999999998 -12.5
  endloop
endfacet
facet normal -0 0 -1
  outer loop
    vertex -3.133013809940951 -2.979245268909506 -12.5
    vertex -6.525419693845014 -3.221864108345342 -12.5
    vertex -5.357142857142858 4.373738568383342e-17 -12.5
  endloop
endfacet
facet normal 0 0 -1
  outer loop
    vertex 9.387507802655609 -23.06711705731782 -12.5
    vertex 6.401747728745747 -21.01659923982118 -12.5
    vertex 9.441694663011557 -19.56186036487564 -12.5
  endloop
endfacet
facet normal 0 0 -1
  outer loop
    vertex 4.363405487153524 -11.59028047772203 -12.5
    vertex 7.155758977977283 -10.84125718611032 -12.5
    vertex 6.687193275693746 -14.09954249411231 -12.5
  endloop
endfacet
facet normal -0 0 -1
  outer loop
    vertex 9.441694663011557 -19.56186036487564 -12.5
    vertex 6.401747728745747 -21.01659923982118 -12.5
    vertex 6.563767527851441 -17.68396707434345 -12.5
  endloop
endfacet
facet normal 0 0 -1
  outer loop
    vertex 2.189189421066305 -8.778544613500539 -12.5
    vertex 3.677370681515545 -6.277469827204003 -12.5
    vertex 5.67889015887428 -8.498182967656923 -12.5
  endloop
endfacet
facet normal 0 0 -1
  outer loop
    vertex -18.22655336002541 -30.72655336002558 -12.5
    vertex -16.84236431165363 -27.63512172294012 -12.5
    vertex -14.68264053406544 -30.13172825659759 -12.5
  endloop
endfacet
facet normal 0 0 -1
  outer loop
    vertex -12.33739694298605 -32.24823833304507 -12.5
    vertex -11.73566893485143 -29.65220002868017 -12.5
    vertex -8.984517967333746 -30.67532244879808 -12.5
  endloop
endfacet
facet normal 0 -0 -1
  outer loop
    vertex 8.928571428571429 4.417475954067238e-15 -12.5
    vertex 9.885532830111151 -2.614467169888838 -12.5
    vertex 7.352913182042063 -2.775023593376917 -12.5
  endloop
endfacet
facet normal 0 -0 -1
  outer loop
    vertex 5.67889015887428 -8.498182967656923 -12.5
    vertex 7.155758977977283 -10.84125718611032 -12.5
    vertex 4.363405487153524 -11.59028047772203 -12.5
  endloop
endfacet
facet normal -0 0 -1
  outer loop
    vertex 9.125852730233504 -8.625471225371184 -12.5
    vertex 7.155758977977283 -10.84125718611032 -12.5
    vertex 5.67889015887428 -8.498182967656923 -12.5
  endloop
endfacet
facet normal 0 0 -1
  outer loop
    vertex -7.276591158122274 -22.92279953889137 -12.5
    vertex -3.901831162999342 -21.9386336622014 -12.5
    vertex -4.681278691386074 -25.12688322388883 -12.5
  endloop
endfacet
facet normal 0 0 -1
  outer loop
    vertex -1.792287110023538 -19.42355872401802 -12.5
    vertex -3.901831162999342 -21.9386336622014 -12.5
    vertex -5.894335723468973 -19.58779352896416 -12.5
  endloop
endfacet
facet normal 0 0 -1
  outer loop
    vertex 9.668269659981647 -5.151120621746905 -12.5
    vertex 9.885532830111151 -2.614467169888838 -12.5
    vertex 12.49999999999999 -3.571428571428562 -12.5
  endloop
endfacet
facet normal 0 0 -1
  outer loop
    vertex 9.59056286391079 -12.49999999999998 -12.5
    vertex 7.155758977977283 -10.84125718611032 -12.5
    vertex 9.125852730233504 -8.625471225371184 -12.5
  endloop
endfacet
facet normal 0 0 -1
  outer loop
    vertex 7.352913182042063 -2.775023593376917 -12.5
    vertex 9.885532830111151 -2.614467169888838 -12.5
    vertex 9.668269659981647 -5.151120621746905 -12.5
  endloop
endfacet
facet normal 0 -0 -1
  outer loop
    vertex -13.12179520947406 -27.1372023543903 -12.5
    vertex -11.73566893485143 -29.65220002868017 -12.5
    vertex -14.68264053406544 -30.13172825659759 -12.5
  endloop
endfacet
facet normal -0 0 -1
  outer loop
    vertex 9.668269659981647 -5.151120621746905 -12.5
    vertex 6.575035173581924 -5.730049403268337 -12.5
    vertex 7.352913182042063 -2.775023593376917 -12.5
  endloop
endfacet
facet normal 0 0 -1
  outer loop
    vertex -14.68264053406544 -30.13172825659759 -12.5
    vertex -11.73566893485143 -29.65220002868017 -12.5
    vertex -12.33739694298605 -32.24823833304507 -12.5
  endloop
endfacet
facet normal 0 0 -1
  outer loop
    vertex 1.480990426465224 -18.37504733678866 -12.5
    vertex 4.068513458708822 -19.21035256958063 -12.5
    vertex 2.446870060316797 -21.73377129963822 -12.5
  endloop
endfacet
facet normal 0 0 -1
  outer loop
    vertex 3.677370681515545 -6.277469827204003 -12.5
    vertex 6.575035173581924 -5.730049403268337 -12.5
    vertex 5.67889015887428 -8.498182967656923 -12.5
  endloop
endfacet
facet normal 0 0 -1
  outer loop
    vertex -4.681278691386074 -25.12688322388883 -12.5
    vertex -3.901831162999342 -21.9386336622014 -12.5
    vertex -1.168162521152187 -23.24742300898263 -12.5
  endloop
endfacet
facet normal 0 0 -1
  outer loop
    vertex 6.401747728745747 -21.01659923982118 -12.5
    vertex 4.068513458708822 -19.21035256958063 -12.5
    vertex 6.563767527851441 -17.68396707434345 -12.5
  endloop
endfacet
endsolid Created by Gmsh
